slug,title,category,tags,summary,confusion_point,pattern_rows,article_title,article_lead,exam_points,common_mistakes,memory_tip,related_terms,faq_1_question,faq_1_answer,faq_2_question,faq_2_answer,faq_3_question,faq_3_answer,faq_4_question,faq_4_answer
ju35-ju37,35条説明と37条書面の取り違え,契約・実務,宅建業法;書面,契約前の説明と契約後の交付を逆に選ぶ典型パターンを整理します。,契約前後の順序,"[{""topic"": ""実施時期"", ""wrong"": ""37条書面は契約前に交付"", ""correct"": ""35条説明は契約前、37条書面は原則契約後5日以内"", ""trap"": ""説明と交付の順序""}, {""topic"": ""担当者"", ""wrong"": ""37条書面も宅建士が説明"", ""correct"": ""35条説明は宅建士、37条書面は交付義務"", ""trap"": ""説明義務と交付義務の混同""}, {""topic"": ""電磁的方法"", ""wrong"": ""口頭のみで可"", ""correct"": ""書面または電磁的方法で説明・交付"", ""trap"": ""口頭のみOKと誤認""}]",35条説明と37条書面の取り違え｜誤答パターン,35条と37条は「いつ・誰が・何を」がセット問題です。契約前後の順序を逆にすると不正解になりやすい定番パターンです。契約前の説明と契約後の交付を逆に選ぶ典型パターンを整理します。試験で押さえるべき点は、35条=契約前の説明、37条=契約後の交付、宅建士の関与範囲。,35条=契約前の説明;37条=契約後の交付;宅建士の関与範囲,35条と37条を同じタイミングだと思い込むと誤答,前に35・後に37と順序で覚える,試験要項;用語解説;比較表,35条と37条の違いは？,35条は契約前の重要事項説明、37条は契約後の書面交付が基本です。35条=契約前の説明。37条=契約後の交付。宅建士の関与範囲。前に35・後に37と順序で覚える。誤りやすいのは「35条と37条を同じタイミングだと思い込むと誤答」と捉えることです。,契約前に必要なのは？,重要事項説明（35条）です。35条=契約前の説明。37条=契約後の交付。宅建士の関与範囲。前に35・後に37と順序で覚える。誤りやすいのは「35条と37条を同じタイミングだと思い込むと誤答」と捉えることです。,37条書面のタイミングは？,原則契約後5日以内の交付です。35条=契約前の説明。37条=契約後の交付。宅建士の関与範囲。前に35・後に37と順序で覚える。誤りやすいのは「35条と37条を同じタイミングだと思い込むと誤答」と捉えることです。,よくある誤答は？,37条を契約前とする肢が定番の引っかけです。35条=契約前の説明。37条=契約後の交付。宅建士の関与範囲。前に35・後に37と順序で覚える。誤りやすいのは「35条と37条を同じタイミングだと思い込むと誤答」と捉えることです。
baikai-dairi,媒介と代理の混同,契約・実務,契約;宅建業法,双方代理禁止と表示義務の問題で媒介・代理を取り違えるパターン。,双方代理可否,"[{""topic"": ""契約の性質"", ""wrong"": ""媒介も双方代理できる"", ""correct"": ""代理は双方代理禁止、媒介は原則可能（表示等の要件）"", ""trap"": ""双方代理の可否""}, {""topic"": ""名義"", ""wrong"": ""媒介でも自分の名で契約"", ""correct"": ""媒介は媒介者の名義、代理は本人の名義"", ""trap"": ""名義の違い""}, {""topic"": ""報酬"", ""wrong"": ""代理は報酬なし"", ""correct"": ""契約類型と報酬は別。問題文の条件確認"", ""trap"": ""報酬の有無を固定観念で判断""}]",媒介と代理の混同｜誤答パターン,媒介は仲立ち、代理は本人の代わりに契約します。双方代理禁止は代理に関する典型肢です。双方代理禁止と表示義務の問題で媒介・代理を取り違えるパターン。試験で押さえるべき点は、代理は双方代理禁止、媒介は原則双方代理可、名義が異なる。,代理は双方代理禁止;媒介は原則双方代理可;名義が異なる,媒介と代理を同じとみなすと名義・効果で誤答,媒介=仲立ち・代理=代行と役割で整理,用語解説;比較表;出題範囲,媒介と代理の違いは？,媒介は契約の仲立ち、代理は本人の代理人として契約します。代理は双方代理禁止。媒介は原則双方代理可。名義が異なる。媒介=仲立ち・代理=代行と役割で整理。誤りやすいのは「媒介と代理を同じとみなすと名義・効果で誤答」と捉えることです。,双方代理禁止は？,代理において原則禁止される制度です。代理は双方代理禁止。媒介は原則双方代理可。名義が異なる。媒介=仲立ち・代理=代行と役割で整理。誤りやすいのは「媒介と代理を同じとみなすと名義・効果で誤答」と捉えることです。,名義の違いは何ですか？,媒介は媒介者、代理は本人の名義で契約します。代理は双方代理禁止。媒介は原則双方代理可。名義が異なる。媒介=仲立ち・代理=代行と役割で整理。誤りやすいのは「媒介と代理を同じとみなすと名義・効果で誤答」と捉えることです。,試験の引っかけは？,双方代理可否を媒介・代理で逆にする肢です。代理は双方代理禁止。媒介は原則双方代理可。名義が異なる。媒介=仲立ち・代理=代行と役割で整理。誤りやすいのは「媒介と代理を同じとみなすと名義・効果で誤答」と捉えることです。
tochi-toji,地上権と土地賃借権,法令・制度,権利;借地借家,借地権の類型で地上権と賃借権を混同するパターン。,対価・物権性,"[{""topic"": ""対価"", ""wrong"": ""地上権も地代必須"", ""correct"": ""地上権は地代なしも可、賃借権は地代が本質"", ""trap"": ""地代の要否""}, {""topic"": ""物権・債権"", ""wrong"": ""土地賃借権も物権"", ""correct"": ""地上権は物権、土地賃借権は債権性"", ""trap"": ""物権性の有無""}, {""topic"": ""期間"", ""wrong"": ""地上権は1年超"", ""correct"": ""普通借地30年は地上権・賃借権双方に適用"", ""trap"": ""期間規定の適用範囲""}]",地上権と土地賃借権の混同｜誤答パターン,借地権は地上権と土地賃借権に大別されます。地代の要否と物権性の有無が定番の引っかけです。借地権の類型で地上権と賃借権を混同するパターン。試験で押さえるべき点は、地上権=物権、土地賃借権=債権、地代なし地上権あり。,地上権=物権;土地賃借権=債権;地代なし地上権あり,地上権にも必ず地代が要ると誤認,物権は地上権・債権性は土地賃借権と覚える,用語解説;比較表;出題範囲,地上権と賃借権の違いは？,地上権は物権で地代なしも可、土地賃借権は債権性で地代が本質です。地上権=物権。土地賃借権=債権。地代なし地上権あり。物権は地上権・債権性は土地賃借権と覚える。誤りやすいのは「地上権にも必ず地代が要ると誤認」と捉えることです。,地代なしの借地権は？,地上権であれば地代なしも成立し得ます。地上権=物権。土地賃借権=債権。地代なし地上権あり。物権は地上権・債権性は土地賃借権と覚える。誤りやすいのは「地上権にも必ず地代が要ると誤認」と捉えることです。借地権の類型で地上権と賃借権を混同するパターン。,普通借地30年は？,地上権・土地賃借権双方に適用されます。地上権=物権。土地賃借権=債権。地代なし地上権あり。物権は地上権・債権性は土地賃借権と覚える。誤りやすいのは「地上権にも必ず地代が要ると誤認」と捉えることです。借地権の類型で地上権と賃借権を混同するパターン。,典型的な誤答例は何ですか？,土地賃借権を物権とする肢が典型です。地上権=物権。土地賃借権=債権。地代なし地上権あり。物権は地上権・債権性は土地賃借権と覚える。誤りやすいのは「地上権にも必ず地代が要ると誤認」と捉えることです。借地権の類型で地上権と賃借権を混同するパターン。
senpaku-junni,先取特権の順位,法令・制度,担保;民法,一般先取・不動産先取・動産先取の順位を取り違えるパターン。,法定先取順位,"[{""topic"": ""不動産の順位"", ""wrong"": ""一般先取が不動産でも最優先"", ""correct"": ""不動産先取特権が不動産では最優先"", ""trap"": ""目的物ごとの順位""}, {""topic"": ""動産の順位"", ""wrong"": ""不動産先取が動産にも適用"", ""correct"": ""動産先取特権が動産では最優先"", ""trap"": ""不動産先取の適用対象""}, {""topic"": ""一般先取"", ""wrong"": ""常に第1順位"", ""correct"": ""一般先取は最後（他の先取の後）"", ""trap"": ""一般先取の位置づけ""}]",先取特権の順位｜誤答パターン,先取特権は目的物（不動産・動産）ごとに優先順位が変わります。一般先取が常に最優先ではありません。一般先取・不動産先取・動産先取の順位を取り違えるパターン。試験で押さえるべき点は、不動産=不動産先取、動産=動産先取、一般先取は最後。,不動産=不動産先取;動産=動産先取;一般先取は最後,一般先取を最優先と固定すると誤答,不動産は不動産先取・動産は動産先取・一般は最後,用語解説;比較表;合格基準,不動産の先取順位は？,不動産先取特権が最優先です。不動産=不動産先取。動産=動産先取。一般先取は最後。不動産は不動産先取・動産は動産先取・一般は最後。誤りやすいのは「一般先取を最優先と固定すると誤答」と捉えることです。一般先取・不動産先取・動産先取の順位を取り違えるパターン。,動産の先取順位は？,動産先取特権が最優先です。不動産=不動産先取。動産=動産先取。一般先取は最後。不動産は不動産先取・動産は動産先取・一般は最後。誤りやすいのは「一般先取を最優先と固定すると誤答」と捉えることです。一般先取・不動産先取・動産先取の順位を取り違えるパターン。,一般先取の位置は？,他の先取特権の後です。不動産=不動産先取。動産=動産先取。一般先取は最後。不動産は不動産先取・動産は動産先取・一般は最後。誤りやすいのは「一般先取を最優先と固定すると誤答」と捉えることです。一般先取・不動産先取・動産先取の順位を取り違えるパターン。,典型誤答は何ですか？,一般先取を常に第1順位とする肢です。不動産=不動産先取。動産=動産先取。一般先取は最後。不動産は不動産先取・動産は動産先取・一般は最後。誤りやすいのは「一般先取を最優先と固定すると誤答」と捉えることです。
kotei-toshi,固定資産税と都市計画税,設備・その他,税;法令,標準税率や納税義務者を取り違えるパターン。,税率・義務者,"[{""topic"": ""税率（標準）"", ""wrong"": ""都市計画税1.4%"", ""correct"": ""固定資産税1.4%、都市計画税0.3%（標準）"", ""trap"": ""税率の入れ替え""}, {""topic"": ""納税義務者"", ""wrong"": ""借主が常に納税"", ""correct"": ""原則所有者が納税義務者"", ""trap"": ""契約上の負担と公法上の義務""}, {""topic"": ""課税標準"", ""wrong"": ""取引価格がそのまま課税標準"", ""correct"": ""固定資産税評価額等をベース"", ""trap"": ""評価額と取引価格""}]",固定資産税と都市計画税の混同｜誤答パターン,税率1.4%と0.3%の組み合わせ、納税義務者は所有者が定番です。取引価格と評価額も混同しやすい点です。標準税率や納税義務者を取り違えるパターン。試験で押さえるべき点は、固定1.4%・都市計画0.3%、納税義務者は所有者、評価額ベース。,固定1.4%・都市計画0.3%;納税義務者は所有者;評価額ベース,税率1.4%と0.3%を入れ替えて覚えると即不正解になります,固定1.4%・都市計画0.3%と税率をセットで覚える,用語解説;比較表;公式情報,標準税率は？,固定資産税1.4%、都市計画税0.3%が標準です。固定1.4%・都市計画0.3%。納税義務者は所有者。評価額ベース。誤りやすいのは「税率1.4%と0.3%を入れ替えて覚えると即不正解になります」と捉えることです。,納税義務者は誰ですか？,原則固定資産の所有者です。固定1.4%・都市計画0.3%。納税義務者は所有者。評価額ベース。誤りやすいのは「税率1.4%と0.3%を入れ替えて覚えると即不正解になります」と捉えることです。標準税率や納税義務者を取り違えるパターン。,借主負担特約は？,私法上の負担であり、公法上の義務者は別です。固定1.4%・都市計画0.3%。納税義務者は所有者。評価額ベース。誤りやすいのは「税率1.4%と0.3%を入れ替えて覚えると即不正解になります」と捉えることです。,典型的な誤答例は？,税率1.4%と0.3%を入れ替える肢です。固定1.4%・都市計画0.3%。納税義務者は所有者。評価額ベース。誤りやすいのは「税率1.4%と0.3%を入れ替えて覚えると即不正解になります」と捉えることです。
cooling-teiki,クーリング・オフと手付解除,契約・実務,契約;解除,無条件解除と手付倍返しを混同するパターン。,解除の効果,"[{""topic"": ""クーリング・オフ"", ""wrong"": ""手付倍返しが必要"", ""correct"": ""書面で無条件解除可能（対象取引）"", ""trap"": ""対価返還の要否""}, {""topic"": ""手付解除"", ""wrong"": ""相手方の同意が必要"", ""correct"": ""手付放棄・倍返しで解除"", ""trap"": ""解除の要件""}, {""topic"": ""期間"", ""wrong"": ""手付解除も8日"", ""correct"": ""クーリング・オフは8日（対象取引）"", ""trap"": ""期間の適用""}]",クーリング・オフと手付解除の混同｜誤答パターン,クーリング・オフは無条件解除、手付解除は手付金を放棄または倍返しします。効果と期間を混同しないでください。無条件解除と手付倍返しを混同するパターン。試験で押さえるべき点は、クーリング・オフ=無条件、手付=倍返し、期間は制度ごとに異なる。,クーリング・オフ=無条件;手付=倍返し;期間は制度ごとに異なる,手付解除に倍返し不要と答えると誤答,無条件解除はCO・手付解除は倍返しと整理,試験要項;比較表;用語解説,クーリング・オフの効果は？,書面交付から一定期間、無条件に解除できます。クーリング・オフ=無条件。手付=倍返し。期間は制度ごとに異なる。無条件解除はCO・手付解除は倍返しと整理。誤りやすいのは「手付解除に倍返し不要と答えると誤答」と捉えることです。,手付解除の要件は？,手付金を放棄または倍返しで解除します。クーリング・オフ=無条件。手付=倍返し。期間は制度ごとに異なる。無条件解除はCO・手付解除は倍返しと整理。誤りやすいのは「手付解除に倍返し不要と答えると誤答」と捉えることです。,8日はどちらの制度？,クーリング・オフの典型期間です。クーリング・オフ=無条件。手付=倍返し。期間は制度ごとに異なる。無条件解除はCO・手付解除は倍返しと整理。誤りやすいのは「手付解除に倍返し不要と答えると誤答」と捉えることです。,典型的な誤答例は？,手付解除にも無条件解除を当てはめる肢です。クーリング・オフ=無条件。手付=倍返し。期間は制度ごとに異なる。無条件解除はCO・手付解除は倍返しと整理。誤りやすいのは「手付解除に倍返し不要と答えると誤答」と捉えることです。
goukaku-shutsudai-kon,合格基準と出題範囲の取り違え,法令・制度,合格基準;出題範囲,「何を学ぶか」と「何点取ればよいか」を混同する典型パターンです。,両方とも要項に載るため、片方だけ確認して計画が偏る。,"[{""topic"": ""混同"", ""wrong"": ""テンプレの例示数字をそのまま本番の正として暗記"", ""correct"": ""試験要項・公式情報で年度ごとに確認"", ""trap"": ""プレースホルダー""}, {""topic"": ""情報源"", ""wrong"": ""非公式ブログだけで申込判断"", ""correct"": ""試験実施団体の公式情報を優先"", ""trap"": ""一次情報""}, {""topic"": ""学習"", ""wrong"": ""一問一答だけで総合演習を省略"", ""correct"": ""過去問・実践演習で時間配分も練習"", ""trap"": ""演習バランス""}]",【テンプレ】合格基準と出題範囲の誤答パターン,合格基準だけ見て範囲外学習をしたり、範囲だけ見て目標点設定を忘れたりするミスを整理します。「何を学ぶか」と「何点取ればよいか」を混同する典型パターンです。試験で押さえるべき点は、範囲＝学習対象、基準＝目標点、要項で同時確認。,範囲＝学習対象;基準＝目標点;要項で同時確認,合格点だけ暗記し範囲を無視;範囲だけ広げ基準点無視,「何を／何点」をセットで確認。,合格基準;出題範囲;試験要項,合格基準と出題範囲の取り違えとは何ですか？,「何を学ぶか」と「何点取ればよいか」を混同する典型パターンです。 テンプレートの学習導線例として掲載しています。範囲＝学習対象。基準＝目標点。要項で同時確認。「何を／何点」をセットで確認。誤りやすいのは「合格点だけ暗記し範囲を無視」と捉えることです。,テンプレートでの対策は？,比較表・数値早見・誤答タブを組み合わせ、公式情報で裏取りする流れを想定しています。範囲＝学習対象。基準＝目標点。要項で同時確認。「何を／何点」をセットで確認。誤りやすいのは「合格点だけ暗記し範囲を無視」と捉えることです。,本番サイトではどうなりますか？,各試験サイトで同型のハブを拡充し、試験固有の内容に差し替えます。範囲＝学習対象。基準＝目標点。要項で同時確認。「何を／何点」をセットで確認。誤りやすいのは「合格点だけ暗記し範囲を無視」と捉えることです。,関連ページは？,関連用語リンクから用語解説・比較表へ移動できます。範囲＝学習対象。基準＝目標点。要項で同時確認。「何を／何点」をセットで確認。誤りやすいのは「合格点だけ暗記し範囲を無視」と捉えることです。「何を学ぶか」と「何点取ればよいか」を混同する典型パターンです。
ichimon-jissen-kon,一問一答と実践演習の取り違え,契約・実務,一問一答;模擬試験,短時間点検と本番形式演習の目的を同一視する誤りです。,どちらも「演習」に見えるため、時間配分練習が不足しがち。,"[{""topic"": ""混同"", ""wrong"": ""テンプレの例示数字をそのまま本番の正として暗記"", ""correct"": ""試験要項・公式情報で年度ごとに確認"", ""trap"": ""プレースホルダー""}, {""topic"": ""情報源"", ""wrong"": ""非公式ブログだけで申込判断"", ""correct"": ""試験実施団体の公式情報を優先"", ""trap"": ""一次情報""}, {""topic"": ""学習"", ""wrong"": ""一問一答だけで総合演習を省略"", ""correct"": ""過去問・実践演習で時間配分も練習"", ""trap"": ""演習バランス""}]",【テンプレ】一問一答と実践演習の誤答パターン,一問一答は知識の点検、実践演習は総合力・時間配分の訓練です。テンプレートの3モード構成の理解用です。短時間点検と本番形式演習の目的を同一視する誤りです。試験で押さえるべき点は、点検＝一問一答、総合＝実践、過去問は論点把握。,点検＝一問一答;総合＝実践;過去問は論点把握,一問一答のみで足りる;実践演習を初期から偏重,「点検→論点→総合」の順。,一問一答;過去問;模擬試験,一問一答と実践演習の取り違えとは何ですか？,短時間点検と本番形式演習の目的を同一視する誤りです。 テンプレートの学習導線例として掲載しています。点検＝一問一答。総合＝実践。過去問は論点把握。「点検→論点→総合」の順。誤りやすいのは「一問一答のみで足りる」と捉えることです。,テンプレートでの対策は？,比較表・数値早見・誤答タブを組み合わせ、公式情報で裏取りする流れを想定しています。点検＝一問一答。総合＝実践。過去問は論点把握。「点検→論点→総合」の順。誤りやすいのは「一問一答のみで足りる」と捉えることです。,本番サイトではどうなりますか？,各試験サイトで同型のハブを拡充し、試験固有の内容に差し替えます。点検＝一問一答。総合＝実践。過去問は論点把握。「点検→論点→総合」の順。誤りやすいのは「一問一答のみで足りる」と捉えることです。短時間点検と本番形式演習の目的を同一視する誤りです。,関連ページは？,関連用語リンクから用語解説・比較表へ移動できます。点検＝一問一答。総合＝実践。過去問は論点把握。「点検→論点→総合」の順。誤りやすいのは「一問一答のみで足りる」と捉えることです。短時間点検と本番形式演習の目的を同一視する誤りです。
yougo-hikaku-kon,用語解説だけで比較表を読まない,設備・その他,用語解説;比較表,定義は分かったが差分表を見ず、類似語の引っかけに弱くなるパターンです。,用語ページだけ巡回し、比較表タブを使わない。,"[{""topic"": ""混同"", ""wrong"": ""テンプレの例示数字をそのまま本番の正として暗記"", ""correct"": ""試験要項・公式情報で年度ごとに確認"", ""trap"": ""プレースホルダー""}, {""topic"": ""情報源"", ""wrong"": ""非公式ブログだけで申込判断"", ""correct"": ""試験実施団体の公式情報を優先"", ""trap"": ""一次情報""}, {""topic"": ""学習"", ""wrong"": ""一問一答だけで総合演習を省略"", ""correct"": ""過去問・実践演習で時間配分も練習"", ""trap"": ""演習バランス""}]",【テンプレ】用語と比較表の使い分けミス,用語解説で意味を押さえたあと、比較表で差分を確認する流れがテンプレートの想定学習経路です。定義は分かったが差分表を見ず、類似語の引っかけに弱くなるパターンです。試験で押さえるべき点は、意味＝用語、差分＝比較、往復で定着。,意味＝用語;差分＝比較;往復で定着,用語だけで完結;比較表を見ない,用語のあと比較表へ。,用語解説;比較表;復習,用語解説だけで比較表を読まないとは何ですか？,定義は分かったが差分表を見ず、類似語の引っかけに弱くなるパターンです。 テンプレートの学習導線例として掲載しています。意味＝用語。差分＝比較。往復で定着。用語のあと比較表へ。誤りやすいのは「用語だけで完結」と捉えることです。,テンプレートでの対策は？,比較表・数値早見・誤答タブを組み合わせ、公式情報で裏取りする流れを想定しています。意味＝用語。差分＝比較。往復で定着。用語のあと比較表へ。誤りやすいのは「用語だけで完結」と捉えることです。定義は分かったが差分表を見ず、類似語の引っかけに弱くなるパターンです。,本番サイトではどうなりますか？,各試験サイトで同型のハブを拡充し、試験固有の内容に差し替えます。意味＝用語。差分＝比較。往復で定着。用語のあと比較表へ。誤りやすいのは「用語だけで完結」と捉えることです。定義は分かったが差分表を見ず、類似語の引っかけに弱くなるパターンです。,関連ページは？,関連用語リンクから用語解説・比較表へ移動できます。意味＝用語。差分＝比較。往復で定着。用語のあと比較表へ。誤りやすいのは「用語だけで完結」と捉えることです。定義は分かったが差分表を見ず、類似語の引っかけに弱くなるパターンです。
koushiki-youkou-kon,試験要項以外だけで申込判断,法令・制度,試験要項;公式情報,SNSや古い記事だけで受験資格・日程を判断する誤りです。,要項の年度更新を見落とす。,"[{""topic"": ""混同"", ""wrong"": ""テンプレの例示数字をそのまま本番の正として暗記"", ""correct"": ""試験要項・公式情報で年度ごとに確認"", ""trap"": ""プレースホルダー""}, {""topic"": ""情報源"", ""wrong"": ""非公式ブログだけで申込判断"", ""correct"": ""試験実施団体の公式情報を優先"", ""trap"": ""一次情報""}, {""topic"": ""学習"", ""wrong"": ""一問一答だけで総合演習を省略"", ""correct"": ""過去問・実践演習で時間配分も練習"", ""trap"": ""演習バランス""}]",【テンプレ】公式情報優先の誤答パターン,非公式情報と食い違う場合は試験実施団体の公式情報を優先してください。テンプレートのフッター注意書きと同じ原則です。SNSや古い記事だけで受験資格・日程を判断する誤りです。試験で押さえるべき点は、要項は年度更新、公式優先、申込前再確認。,要項は年度更新;公式優先;申込前再確認,古い要項;非公式のみ;更新見落とし,申込前に要項の最新版。,公式情報;試験要項;受験資格,試験要項以外だけで申込判断とは何ですか？,SNSや古い記事だけで受験資格・日程を判断する誤りです。 テンプレートの学習導線例として掲載しています。要項は年度更新。公式優先。申込前再確認。申込前に要項の最新版。誤りやすいのは「古い要項」と捉えることです。,テンプレートでの対策は？,比較表・数値早見・誤答タブを組み合わせ、公式情報で裏取りする流れを想定しています。要項は年度更新。公式優先。申込前再確認。申込前に要項の最新版。誤りやすいのは「古い要項」と捉えることです。SNSや古い記事だけで受験資格・日程を判断する誤りです。,本番サイトではどうなりますか？,各試験サイトで同型のハブを拡充し、試験固有の内容に差し替えます。要項は年度更新。公式優先。申込前再確認。申込前に要項の最新版。誤りやすいのは「古い要項」と捉えることです。SNSや古い記事だけで受験資格・日程を判断する誤りです。,関連ページは？,関連用語リンクから用語解説・比較表へ移動できます。要項は年度更新。公式優先。申込前再確認。申込前に要項の最新版。誤りやすいのは「古い要項」と捉えることです。SNSや古い記事だけで受験資格・日程を判断する誤りです。
s31-kon-past-mock,過去問と模擬試験の目的混同,契約・実務,学習法;;誤答,過去問と模擬試験の目的混同で起きやすい学習上の誤りを整理します。,学習用語が似ているため、目的と時期の読み飛ばしが起きやすい。,"[{""topic"": ""目的"", ""wrong"": ""演習形式を同一視"", ""correct"": ""論点確認と形式慣れを分離"", ""trap"": ""名称だけで判断""}, {""topic"": ""情報源"", ""wrong"": ""非公式を優先"", ""correct"": ""公式要項を最終確認"", ""trap"": ""古い記事の流用""}, {""topic"": ""計画"", ""wrong"": ""範囲と基準を混同"", ""correct"": ""範囲＝学ぶ内容、基準＝目標点"", ""trap"": ""科目別基準の無視""}, {""topic"": ""復習"", ""wrong"": ""正解だけで終了"", ""correct"": ""誤答理由を記録して再演習"", ""trap"": ""間隔復習の省略""}]",過去問と模擬試験の目的混同,学習法の誤りは知識不足と同様に得点損失につながります。誤った学習習慣を型として認識し、ハブの比較・誤答表で直してください。数値・日程・合格基準は試験実施団体の公式サイト（www.exam.or.jp 等）の試験要項で必ずご確認ください。,誤答型を記録;公式で前提確認;演習と整理を往復,習慣を直さない;非公式のみ;要項未確認,「何を混同したか」を毎回1行で書く。,過去問;復習;出題範囲,「過去問と模擬試験の目的混同」の試験での位置づけは？,学習法の誤りは知識不足と同様に得点損失につながります。誤った学習習慣を型として認識し、ハブの比較・誤答表で直してください。数値・日程・合格基準は試験実施団体の公式サイト（www.exam.or.jp 等）の試験要項で必ずご確認ください。 試験では誤答型を記録を軸に、関連条文・数値・主体の取り違えを照合してください。,「過去問と模擬試験の目的混同」でよくある誤答パターンは？,「過去問と模擬試験の目的混同」では誤答型を記録を軸に、条文・数値・主体の取り違えを比較表で整理してください。 典型誤答は習慣を直さない;非公式のみ;要項未確認。 過去問では条件文の主語入れ替え肢に注意してください。,「過去問と模擬試験の目的混同」の覚え方・確認手順は？,「過去問と模擬試験の目的混同」では誤答型を記録を軸に、条文・数値・主体の取り違えを比較表で整理してください。 典型誤答は習慣を直さない;非公式のみ;要項未確認。 過去問では条件文の主語入れ替え肢に注意してください。,「過去問と模擬試験の目的混同」の公式情報はどこで確認しますか？,「過去問と模擬試験の目的混同」では誤答型を記録を軸に、条文・数値・主体の取り違えを比較表で整理してください。 典型誤答は習慣を直さない;非公式のみ;要項未確認。 過去問では条件文の主語入れ替え肢に注意してください。
s31-kon-official,公式と非公式の優先順位誤り,法令・制度,学習法;;誤答,公式と非公式の優先順位誤りで起きやすい学習上の誤りを整理します。,学習用語が似ているため、目的と時期の読み飛ばしが起きやすい。,"[{""topic"": ""目的"", ""wrong"": ""演習形式を同一視"", ""correct"": ""論点確認と形式慣れを分離"", ""trap"": ""名称だけで判断""}, {""topic"": ""情報源"", ""wrong"": ""非公式を優先"", ""correct"": ""公式要項を最終確認"", ""trap"": ""古い記事の流用""}, {""topic"": ""計画"", ""wrong"": ""範囲と基準を混同"", ""correct"": ""範囲＝学ぶ内容、基準＝目標点"", ""trap"": ""科目別基準の無視""}, {""topic"": ""復習"", ""wrong"": ""正解だけで終了"", ""correct"": ""誤答理由を記録して再演習"", ""trap"": ""間隔復習の省略""}]",公式と非公式の優先順位誤り,学習法の誤りは知識不足と同様に得点損失につながります。誤った学習習慣を型として認識し、ハブの比較・誤答表で直してください。数値・日程・合格基準は試験実施団体の公式サイト（www.exam.or.jp 等）の試験要項で必ずご確認ください。,誤答型を記録;公式で前提確認;演習と整理を往復,習慣を直さない;非公式のみ;要項未確認,「何を混同したか」を毎回1行で書く。,公式情報;試験要項;受験資格,「公式と非公式の優先順位誤り」の試験での位置づけは？,学習法の誤りは知識不足と同様に得点損失につながります。誤った学習習慣を型として認識し、ハブの比較・誤答表で直してください。数値・日程・合格基準は試験実施団体の公式サイト（www.exam.or.jp 等）の試験要項で必ずご確認ください。 試験では誤答型を記録を軸に、関連条文・数値・主体の取り違えを照合してください。,「公式と非公式の優先順位誤り」でよくある誤答パターンは？,「公式と非公式の優先順位誤り」では誤答型を記録を軸に、条文・数値・主体の取り違えを比較表で整理してください。 典型誤答は習慣を直さない;非公式のみ;要項未確認。 過去問では条件文の主語入れ替え肢に注意してください。,「公式と非公式の優先順位誤り」の覚え方・確認手順は？,「公式と非公式の優先順位誤り」では誤答型を記録を軸に、条文・数値・主体の取り違えを比較表で整理してください。 典型誤答は習慣を直さない;非公式のみ;要項未確認。 過去問では条件文の主語入れ替え肢に注意してください。,「公式と非公式の優先順位誤り」の公式情報はどこで確認しますか？,「公式と非公式の優先順位誤り」では誤答型を記録を軸に、条文・数値・主体の取り違えを比較表で整理してください。 典型誤答は習慣を直さない;非公式のみ;要項未確認。 過去問では条件文の主語入れ替え肢に注意してください。
s31-kon-scope-pass,出題範囲と合格基準の混同,法令・制度,学習法;;誤答,出題範囲と合格基準の混同で起きやすい学習上の誤りを整理します。,学習用語が似ているため、目的と時期の読み飛ばしが起きやすい。,"[{""topic"": ""目的"", ""wrong"": ""演習形式を同一視"", ""correct"": ""論点確認と形式慣れを分離"", ""trap"": ""名称だけで判断""}, {""topic"": ""情報源"", ""wrong"": ""非公式を優先"", ""correct"": ""公式要項を最終確認"", ""trap"": ""古い記事の流用""}, {""topic"": ""計画"", ""wrong"": ""範囲と基準を混同"", ""correct"": ""範囲＝学ぶ内容、基準＝目標点"", ""trap"": ""科目別基準の無視""}, {""topic"": ""復習"", ""wrong"": ""正解だけで終了"", ""correct"": ""誤答理由を記録して再演習"", ""trap"": ""間隔復習の省略""}]",出題範囲と合格基準の混同,学習法の誤りは知識不足と同様に得点損失につながります。誤った学習習慣を型として認識し、ハブの比較・誤答表で直してください。数値・日程・合格基準は試験実施団体の公式サイト（www.exam.or.jp 等）の試験要項で必ずご確認ください。,誤答型を記録;公式で前提確認;演習と整理を往復,習慣を直さない;非公式のみ;要項未確認,「何を混同したか」を毎回1行で書く。,公式情報;試験要項;受験資格,「出題範囲と合格基準の混同」の試験での位置づけは？,学習法の誤りは知識不足と同様に得点損失につながります。誤った学習習慣を型として認識し、ハブの比較・誤答表で直してください。数値・日程・合格基準は試験実施団体の公式サイト（www.exam.or.jp 等）の試験要項で必ずご確認ください。 試験では誤答型を記録を軸に、関連条文・数値・主体の取り違えを照合してください。,「出題範囲と合格基準の混同」でよくある誤答パターンは？,「出題範囲と合格基準の混同」では誤答型を記録を軸に、条文・数値・主体の取り違えを比較表で整理してください。 典型誤答は習慣を直さない;非公式のみ;要項未確認。 過去問では条件文の主語入れ替え肢に注意してください。,「出題範囲と合格基準の混同」の覚え方・確認手順は？,「出題範囲と合格基準の混同」では誤答型を記録を軸に、条文・数値・主体の取り違えを比較表で整理してください。 典型誤答は習慣を直さない;非公式のみ;要項未確認。 過去問では条件文の主語入れ替え肢に注意してください。,「出題範囲と合格基準の混同」の公式情報はどこで確認しますか？,「出題範囲と合格基準の混同」では誤答型を記録を軸に、条文・数値・主体の取り違えを比較表で整理してください。 典型誤答は習慣を直さない;非公式のみ;要項未確認。 過去問では条件文の主語入れ替え肢に注意してください。
s31-kon-ichimon-practice,一問一答と実践演習の混同,契約・実務,学習法;;誤答,一問一答と実践演習の混同で起きやすい学習上の誤りを整理します。,学習用語が似ているため、目的と時期の読み飛ばしが起きやすい。,"[{""topic"": ""目的"", ""wrong"": ""演習形式を同一視"", ""correct"": ""論点確認と形式慣れを分離"", ""trap"": ""名称だけで判断""}, {""topic"": ""情報源"", ""wrong"": ""非公式を優先"", ""correct"": ""公式要項を最終確認"", ""trap"": ""古い記事の流用""}, {""topic"": ""計画"", ""wrong"": ""範囲と基準を混同"", ""correct"": ""範囲＝学ぶ内容、基準＝目標点"", ""trap"": ""科目別基準の無視""}, {""topic"": ""復習"", ""wrong"": ""正解だけで終了"", ""correct"": ""誤答理由を記録して再演習"", ""trap"": ""間隔復習の省略""}]",一問一答と実践演習の混同,学習法の誤りは知識不足と同様に得点損失につながります。誤った学習習慣を型として認識し、ハブの比較・誤答表で直してください。数値・日程・合格基準は試験実施団体の公式サイト（www.exam.or.jp 等）の試験要項で必ずご確認ください。,誤答型を記録;公式で前提確認;演習と整理を往復,習慣を直さない;非公式のみ;要項未確認,「何を混同したか」を毎回1行で書く。,過去問;復習;出題範囲,「一問一答と実践演習の混同」の試験での位置づけは？,学習法の誤りは知識不足と同様に得点損失につながります。誤った学習習慣を型として認識し、ハブの比較・誤答表で直してください。数値・日程・合格基準は試験実施団体の公式サイト（www.exam.or.jp 等）の試験要項で必ずご確認ください。 試験では誤答型を記録を軸に、関連条文・数値・主体の取り違えを照合してください。,「一問一答と実践演習の混同」でよくある誤答パターンは？,「一問一答と実践演習の混同」では誤答型を記録を軸に、条文・数値・主体の取り違えを比較表で整理してください。 典型誤答は習慣を直さない;非公式のみ;要項未確認。 過去問では条件文の主語入れ替え肢に注意してください。,「一問一答と実践演習の混同」の覚え方・確認手順は？,「一問一答と実践演習の混同」では誤答型を記録を軸に、条文・数値・主体の取り違えを比較表で整理してください。 典型誤答は習慣を直さない;非公式のみ;要項未確認。 過去問では条件文の主語入れ替え肢に注意してください。,「一問一答と実践演習の混同」の公式情報はどこで確認しますか？,「一問一答と実践演習の混同」では誤答型を記録を軸に、条文・数値・主体の取り違えを比較表で整理してください。 典型誤答は習慣を直さない;非公式のみ;要項未確認。 過去問では条件文の主語入れ替え肢に注意してください。
s31-kon-glossary-only,用語だけで演習省略,設備・その他,学習法;;誤答,用語だけで演習省略で起きやすい学習上の誤りを整理します。,学習用語が似ているため、目的と時期の読み飛ばしが起きやすい。,"[{""topic"": ""目的"", ""wrong"": ""演習形式を同一視"", ""correct"": ""論点確認と形式慣れを分離"", ""trap"": ""名称だけで判断""}, {""topic"": ""情報源"", ""wrong"": ""非公式を優先"", ""correct"": ""公式要項を最終確認"", ""trap"": ""古い記事の流用""}, {""topic"": ""計画"", ""wrong"": ""範囲と基準を混同"", ""correct"": ""範囲＝学ぶ内容、基準＝目標点"", ""trap"": ""科目別基準の無視""}, {""topic"": ""復習"", ""wrong"": ""正解だけで終了"", ""correct"": ""誤答理由を記録して再演習"", ""trap"": ""間隔復習の省略""}]",用語だけで演習省略,学習法の誤りは知識不足と同様に得点損失につながります。誤った学習習慣を型として認識し、ハブの比較・誤答表で直してください。数値・日程・合格基準は試験実施団体の公式サイト（www.exam.or.jp 等）の試験要項で必ずご確認ください。,誤答型を記録;公式で前提確認;演習と整理を往復,習慣を直さない;非公式のみ;要項未確認,「何を混同したか」を毎回1行で書く。,用語解説;比較表;学習記録,「用語だけで演習省略」の試験での位置づけは？,学習法の誤りは知識不足と同様に得点損失につながります。誤った学習習慣を型として認識し、ハブの比較・誤答表で直してください。数値・日程・合格基準は試験実施団体の公式サイト（www.exam.or.jp 等）の試験要項で必ずご確認ください。 試験では誤答型を記録を軸に、関連条文・数値・主体の取り違えを照合してください。,「用語だけで演習省略」でよくある誤答パターンは？,「用語だけで演習省略」では誤答型を記録を軸に、条文・数値・主体の取り違えを比較表で整理してください。 典型誤答は習慣を直さない;非公式のみ;要項未確認。 過去問では条件文の主語入れ替え肢に注意してください。,「用語だけで演習省略」の覚え方・確認手順は？,「用語だけで演習省略」では誤答型を記録を軸に、条文・数値・主体の取り違えを比較表で整理してください。 典型誤答は習慣を直さない;非公式のみ;要項未確認。 過去問では条件文の主語入れ替え肢に注意してください。,「用語だけで演習省略」の公式情報はどこで確認しますか？,「用語だけで演習省略」では誤答型を記録を軸に、条文・数値・主体の取り違えを比較表で整理してください。 典型誤答は習慣を直さない;非公式のみ;要項未確認。 過去問では条件文の主語入れ替え肢に注意してください。
s31-kon-no-review,解説未読の解きっぱなし,契約・実務,学習法;;誤答,解説未読の解きっぱなしで起きやすい学習上の誤りを整理します。,学習用語が似ているため、目的と時期の読み飛ばしが起きやすい。,"[{""topic"": ""目的"", ""wrong"": ""演習形式を同一視"", ""correct"": ""論点確認と形式慣れを分離"", ""trap"": ""名称だけで判断""}, {""topic"": ""情報源"", ""wrong"": ""非公式を優先"", ""correct"": ""公式要項を最終確認"", ""trap"": ""古い記事の流用""}, {""topic"": ""計画"", ""wrong"": ""範囲と基準を混同"", ""correct"": ""範囲＝学ぶ内容、基準＝目標点"", ""trap"": ""科目別基準の無視""}, {""topic"": ""復習"", ""wrong"": ""正解だけで終了"", ""correct"": ""誤答理由を記録して再演習"", ""trap"": ""間隔復習の省略""}]",解説未読の解きっぱなし,学習法の誤りは知識不足と同様に得点損失につながります。誤った学習習慣を型として認識し、ハブの比較・誤答表で直してください。数値・日程・合格基準は試験実施団体の公式サイト（www.exam.or.jp 等）の試験要項で必ずご確認ください。,誤答型を記録;公式で前提確認;演習と整理を往復,習慣を直さない;非公式のみ;要項未確認,「何を混同したか」を毎回1行で書く。,過去問;復習;出題範囲,「解説未読の解きっぱなし」の試験での位置づけは？,学習法の誤りは知識不足と同様に得点損失につながります。誤った学習習慣を型として認識し、ハブの比較・誤答表で直してください。数値・日程・合格基準は試験実施団体の公式サイト（www.exam.or.jp 等）の試験要項で必ずご確認ください。 試験では誤答型を記録を軸に、関連条文・数値・主体の取り違えを照合してください。,「解説未読の解きっぱなし」でよくある誤答パターンは？,「解説未読の解きっぱなし」では誤答型を記録を軸に、条文・数値・主体の取り違えを比較表で整理してください。 典型誤答は習慣を直さない;非公式のみ;要項未確認。 過去問では条件文の主語入れ替え肢に注意してください。,「解説未読の解きっぱなし」の覚え方・確認手順は？,「解説未読の解きっぱなし」では誤答型を記録を軸に、条文・数値・主体の取り違えを比較表で整理してください。 典型誤答は習慣を直さない;非公式のみ;要項未確認。 過去問では条件文の主語入れ替え肢に注意してください。,「解説未読の解きっぱなし」の公式情報はどこで確認しますか？,「解説未読の解きっぱなし」では誤答型を記録を軸に、条文・数値・主体の取り違えを比較表で整理してください。 典型誤答は習慣を直さない;非公式のみ;要項未確認。 過去問では条件文の主語入れ替え肢に注意してください。
s31-kon-cram-only,直前詰め込みのみ,契約・実務,学習法;;誤答,直前詰め込みのみで起きやすい学習上の誤りを整理します。,学習用語が似ているため、目的と時期の読み飛ばしが起きやすい。,"[{""topic"": ""目的"", ""wrong"": ""演習形式を同一視"", ""correct"": ""論点確認と形式慣れを分離"", ""trap"": ""名称だけで判断""}, {""topic"": ""情報源"", ""wrong"": ""非公式を優先"", ""correct"": ""公式要項を最終確認"", ""trap"": ""古い記事の流用""}, {""topic"": ""計画"", ""wrong"": ""範囲と基準を混同"", ""correct"": ""範囲＝学ぶ内容、基準＝目標点"", ""trap"": ""科目別基準の無視""}, {""topic"": ""復習"", ""wrong"": ""正解だけで終了"", ""correct"": ""誤答理由を記録して再演習"", ""trap"": ""間隔復習の省略""}]",直前詰め込みのみ,学習法の誤りは知識不足と同様に得点損失につながります。誤った学習習慣を型として認識し、ハブの比較・誤答表で直してください。数値・日程・合格基準は試験実施団体の公式サイト（www.exam.or.jp 等）の試験要項で必ずご確認ください。,誤答型を記録;公式で前提確認;演習と整理を往復,習慣を直さない;非公式のみ;要項未確認,「何を混同したか」を毎回1行で書く。,過去問;復習;出題範囲,「直前詰め込みのみ」の試験での位置づけは？,学習法の誤りは知識不足と同様に得点損失につながります。誤った学習習慣を型として認識し、ハブの比較・誤答表で直してください。数値・日程・合格基準は試験実施団体の公式サイト（www.exam.or.jp 等）の試験要項で必ずご確認ください。 試験では誤答型を記録を軸に、関連条文・数値・主体の取り違えを照合してください。,「直前詰め込みのみ」でよくある誤答パターンは？,「直前詰め込みのみ」では誤答型を記録を軸に、条文・数値・主体の取り違えを比較表で整理してください。 典型誤答は習慣を直さない;非公式のみ;要項未確認。 過去問では条件文の主語入れ替え肢に注意してください。,「直前詰め込みのみ」の覚え方・確認手順は？,「直前詰め込みのみ」では誤答型を記録を軸に、条文・数値・主体の取り違えを比較表で整理してください。 典型誤答は習慣を直さない;非公式のみ;要項未確認。 過去問では条件文の主語入れ替え肢に注意してください。,「直前詰め込みのみ」の公式情報はどこで確認しますか？,「直前詰め込みのみ」では誤答型を記録を軸に、条文・数値・主体の取り違えを比較表で整理してください。 典型誤答は習慣を直さない;非公式のみ;要項未確認。 過去問では条件文の主語入れ替え肢に注意してください。
s31-kon-hub-skip,ハブ未使用で演習のみ,設備・その他,学習法;;誤答,ハブ未使用で演習のみで起きやすい学習上の誤りを整理します。,学習用語が似ているため、目的と時期の読み飛ばしが起きやすい。,"[{""topic"": ""目的"", ""wrong"": ""演習形式を同一視"", ""correct"": ""論点確認と形式慣れを分離"", ""trap"": ""名称だけで判断""}, {""topic"": ""情報源"", ""wrong"": ""非公式を優先"", ""correct"": ""公式要項を最終確認"", ""trap"": ""古い記事の流用""}, {""topic"": ""計画"", ""wrong"": ""範囲と基準を混同"", ""correct"": ""範囲＝学ぶ内容、基準＝目標点"", ""trap"": ""科目別基準の無視""}, {""topic"": ""復習"", ""wrong"": ""正解だけで終了"", ""correct"": ""誤答理由を記録して再演習"", ""trap"": ""間隔復習の省略""}]",ハブ未使用で演習のみ,学習法の誤りは知識不足と同様に得点損失につながります。誤った学習習慣を型として認識し、ハブの比較・誤答表で直してください。数値・日程・合格基準は試験実施団体の公式サイト（www.exam.or.jp 等）の試験要項で必ずご確認ください。,誤答型を記録;公式で前提確認;演習と整理を往復,習慣を直さない;非公式のみ;要項未確認,「何を混同したか」を毎回1行で書く。,用語解説;比較表;学習記録,「ハブ未使用で演習のみ」の試験での位置づけは？,学習法の誤りは知識不足と同様に得点損失につながります。誤った学習習慣を型として認識し、ハブの比較・誤答表で直してください。数値・日程・合格基準は試験実施団体の公式サイト（www.exam.or.jp 等）の試験要項で必ずご確認ください。 試験では誤答型を記録を軸に、関連条文・数値・主体の取り違えを照合してください。,「ハブ未使用で演習のみ」でよくある誤答パターンは？,「ハブ未使用で演習のみ」では誤答型を記録を軸に、条文・数値・主体の取り違えを比較表で整理してください。 典型誤答は習慣を直さない;非公式のみ;要項未確認。 過去問では条件文の主語入れ替え肢に注意してください。,「ハブ未使用で演習のみ」の覚え方・確認手順は？,「ハブ未使用で演習のみ」では誤答型を記録を軸に、条文・数値・主体の取り違えを比較表で整理してください。 典型誤答は習慣を直さない;非公式のみ;要項未確認。 過去問では条件文の主語入れ替え肢に注意してください。,「ハブ未使用で演習のみ」の公式情報はどこで確認しますか？,「ハブ未使用で演習のみ」では誤答型を記録を軸に、条文・数値・主体の取り違えを比較表で整理してください。 典型誤答は習慣を直さない;非公式のみ;要項未確認。 過去問では条件文の主語入れ替え肢に注意してください。
s31-kon-old-youkou,旧年度要項の流用,法令・制度,学習法;;誤答,旧年度要項の流用で起きやすい学習上の誤りを整理します。,学習用語が似ているため、目的と時期の読み飛ばしが起きやすい。,"[{""topic"": ""目的"", ""wrong"": ""演習形式を同一視"", ""correct"": ""論点確認と形式慣れを分離"", ""trap"": ""名称だけで判断""}, {""topic"": ""情報源"", ""wrong"": ""非公式を優先"", ""correct"": ""公式要項を最終確認"", ""trap"": ""古い記事の流用""}, {""topic"": ""計画"", ""wrong"": ""範囲と基準を混同"", ""correct"": ""範囲＝学ぶ内容、基準＝目標点"", ""trap"": ""科目別基準の無視""}, {""topic"": ""復習"", ""wrong"": ""正解だけで終了"", ""correct"": ""誤答理由を記録して再演習"", ""trap"": ""間隔復習の省略""}]",旧年度要項の流用,学習法の誤りは知識不足と同様に得点損失につながります。誤った学習習慣を型として認識し、ハブの比較・誤答表で直してください。数値・日程・合格基準は試験実施団体の公式サイト（www.exam.or.jp 等）の試験要項で必ずご確認ください。,誤答型を記録;公式で前提確認;演習と整理を往復,習慣を直さない;非公式のみ;要項未確認,「何を混同したか」を毎回1行で書く。,公式情報;試験要項;受験資格,「旧年度要項の流用」の試験での位置づけは？,学習法の誤りは知識不足と同様に得点損失につながります。誤った学習習慣を型として認識し、ハブの比較・誤答表で直してください。数値・日程・合格基準は試験実施団体の公式サイト（www.exam.or.jp 等）の試験要項で必ずご確認ください。 試験では誤答型を記録を軸に、関連条文・数値・主体の取り違えを照合してください。,「旧年度要項の流用」でよくある誤答パターンは？,「旧年度要項の流用」では誤答型を記録を軸に、条文・数値・主体の取り違えを比較表で整理してください。 典型誤答は習慣を直さない;非公式のみ;要項未確認。 過去問では条件文の主語入れ替え肢に注意してください。,「旧年度要項の流用」の覚え方・確認手順は？,「旧年度要項の流用」では誤答型を記録を軸に、条文・数値・主体の取り違えを比較表で整理してください。 典型誤答は習慣を直さない;非公式のみ;要項未確認。 過去問では条件文の主語入れ替え肢に注意してください。,「旧年度要項の流用」の公式情報はどこで確認しますか？,「旧年度要項の流用」では誤答型を記録を軸に、条文・数値・主体の取り違えを比較表で整理してください。 典型誤答は習慣を直さない;非公式のみ;要項未確認。 過去問では条件文の主語入れ替え肢に注意してください。
s31-kon-weak-ignore,苦手放置で総得点のみ,契約・実務,学習法;;誤答,苦手放置で総得点のみで起きやすい学習上の誤りを整理します。,学習用語が似ているため、目的と時期の読み飛ばしが起きやすい。,"[{""topic"": ""目的"", ""wrong"": ""演習形式を同一視"", ""correct"": ""論点確認と形式慣れを分離"", ""trap"": ""名称だけで判断""}, {""topic"": ""情報源"", ""wrong"": ""非公式を優先"", ""correct"": ""公式要項を最終確認"", ""trap"": ""古い記事の流用""}, {""topic"": ""計画"", ""wrong"": ""範囲と基準を混同"", ""correct"": ""範囲＝学ぶ内容、基準＝目標点"", ""trap"": ""科目別基準の無視""}, {""topic"": ""復習"", ""wrong"": ""正解だけで終了"", ""correct"": ""誤答理由を記録して再演習"", ""trap"": ""間隔復習の省略""}]",苦手放置で総得点のみ,学習法の誤りは知識不足と同様に得点損失につながります。誤った学習習慣を型として認識し、ハブの比較・誤答表で直してください。数値・日程・合格基準は試験実施団体の公式サイト（www.exam.or.jp 等）の試験要項で必ずご確認ください。,誤答型を記録;公式で前提確認;演習と整理を往復,習慣を直さない;非公式のみ;要項未確認,「何を混同したか」を毎回1行で書く。,過去問;復習;出題範囲,「苦手放置で総得点のみ」の試験での位置づけは？,学習法の誤りは知識不足と同様に得点損失につながります。誤った学習習慣を型として認識し、ハブの比較・誤答表で直してください。数値・日程・合格基準は試験実施団体の公式サイト（www.exam.or.jp 等）の試験要項で必ずご確認ください。 試験では誤答型を記録を軸に、関連条文・数値・主体の取り違えを照合してください。,「苦手放置で総得点のみ」でよくある誤答パターンは？,「苦手放置で総得点のみ」では誤答型を記録を軸に、条文・数値・主体の取り違えを比較表で整理してください。 典型誤答は習慣を直さない;非公式のみ;要項未確認。 過去問では条件文の主語入れ替え肢に注意してください。,「苦手放置で総得点のみ」の覚え方・確認手順は？,「苦手放置で総得点のみ」では誤答型を記録を軸に、条文・数値・主体の取り違えを比較表で整理してください。 典型誤答は習慣を直さない;非公式のみ;要項未確認。 過去問では条件文の主語入れ替え肢に注意してください。,「苦手放置で総得点のみ」の公式情報はどこで確認しますか？,「苦手放置で総得点のみ」では誤答型を記録を軸に、条文・数値・主体の取り違えを比較表で整理してください。 典型誤答は習慣を直さない;非公式のみ;要項未確認。 過去問では条件文の主語入れ替え肢に注意してください。
s32-kon-mock-only-score,模試を点数だけ見る誤り,設備・その他,学習法;;誤答,模試を点数だけ見る誤りで起きやすい学習上の誤りを整理します。,模試・暗記・配分の語句が似るため、目的と時期の読み飛ばしが起きやすい。,"[{""topic"": ""目的"", ""wrong"": ""演習を同一視"", ""correct"": ""模試は時間配分と弱点把握"", ""trap"": ""名称だけで判断""}, {""topic"": ""情報"", ""wrong"": ""非公式優先"", ""correct"": ""要項で最終確認"", ""trap"": ""古い記事の流用""}, {""topic"": ""配分"", ""wrong"": ""科目差を無視"", ""correct"": ""足切り・配分をセット"", ""trap"": ""総得点のみ""}, {""topic"": ""復習"", ""wrong"": ""誤答未記録"", ""correct"": ""ノートで再演習"", ""trap"": ""間隔復習省略""}]",模試を点数だけ見る誤り,学習法の誤りも得点損失につながります。比較・誤答表で習慣を直し、要項で前提を確認してください。数値・日程・合格基準は試験実施団体の公式サイト（www.exam.or.jp 等）の試験要項で必ずご確認ください。,誤答型を記録;模試後は必ず振り返り;要項で制度数値確認,習慣を直さない;模試＝過去問;要項未確認,「何を混同したか」を1行で書く。,比較表;用語解説;学習記録,「模試を点数だけ見る誤り」の試験での位置づけは？,学習法の誤りも得点損失につながります。比較・誤答表で習慣を直し、要項で前提を確認してください。数値・日程・合格基準は試験実施団体の公式サイト（www.exam.or.jp 等）の試験要項で必ずご確認ください。 試験では誤答型を記録を軸に、関連条文・数値・主体の取り違えを照合してください。,「模試を点数だけ見る誤り」でよくある誤答パターンは？,習慣を直さない;模試＝過去問;要項未確認 誤答肢では模試後は必ず振り返りの主語や条件が入れ替わることが多いので、比較表で整理してください。 過去問で正誤の型を分類し、試験要項で数値・期限を照合してください。,「模試を点数だけ見る誤り」の覚え方・確認手順は？,「模試を点数だけ見る誤り」では誤答型を記録を軸に、条文・数値・主体の取り違えを比較表で整理してください。 典型誤答は習慣を直さない;模試＝過去問;要項未確認。 過去問では条件文の主語入れ替え肢に注意してください。,「模試を点数だけ見る誤り」の公式情報はどこで確認しますか？,「模試を点数だけ見る誤り」では誤答型を記録を軸に、条文・数値・主体の取り違えを比較表で整理してください。 典型誤答は習慣を直さない;模試＝過去問;要項未確認。 過去問では条件文の主語入れ替え肢に注意してください。
s32-kon-cram-memorize,詰め込み暗記のみ,契約・実務,学習法;;誤答,詰め込み暗記のみで起きやすい学習上の誤りを整理します。,模試・暗記・配分の語句が似るため、目的と時期の読み飛ばしが起きやすい。,"[{""topic"": ""目的"", ""wrong"": ""演習を同一視"", ""correct"": ""模試は時間配分と弱点把握"", ""trap"": ""名称だけで判断""}, {""topic"": ""情報"", ""wrong"": ""非公式優先"", ""correct"": ""要項で最終確認"", ""trap"": ""古い記事の流用""}, {""topic"": ""配分"", ""wrong"": ""科目差を無視"", ""correct"": ""足切り・配分をセット"", ""trap"": ""総得点のみ""}, {""topic"": ""復習"", ""wrong"": ""誤答未記録"", ""correct"": ""ノートで再演習"", ""trap"": ""間隔復習省略""}]",詰め込み暗記のみ,学習法の誤りも得点損失につながります。比較・誤答表で習慣を直し、要項で前提を確認してください。数値・日程・合格基準は試験実施団体の公式サイト（www.exam.or.jp 等）の試験要項で必ずご確認ください。,誤答型を記録;模試後は必ず振り返り;要項で制度数値確認,習慣を直さない;模試＝過去問;要項未確認,「何を混同したか」を1行で書く。,過去問;模擬試験;復習,「詰め込み暗記のみ」の試験での位置づけは？,学習法の誤りも得点損失につながります。比較・誤答表で習慣を直し、要項で前提を確認してください。数値・日程・合格基準は試験実施団体の公式サイト（www.exam.or.jp 等）の試験要項で必ずご確認ください。 試験では誤答型を記録を軸に、関連条文・数値・主体の取り違えを照合してください。,「詰め込み暗記のみ」でよくある誤答パターンは？,習慣を直さない;模試＝過去問;要項未確認 誤答肢では模試後は必ず振り返りの主語や条件が入れ替わることが多いので、比較表で整理してください。 過去問で正誤の型を分類し、試験要項で数値・期限を照合してください。,「詰め込み暗記のみ」の覚え方・確認手順は？,「詰め込み暗記のみ」では誤答型を記録を軸に、条文・数値・主体の取り違えを比較表で整理してください。 典型誤答は習慣を直さない;模試＝過去問;要項未確認。 過去問では条件文の主語入れ替え肢に注意してください。,「詰め込み暗記のみ」の公式情報はどこで確認しますか？,「詰め込み暗記のみ」では誤答型を記録を軸に、条文・数値・主体の取り違えを比較表で整理してください。 典型誤答は習慣を直さない;模試＝過去問;要項未確認。 過去問では条件文の主語入れ替え肢に注意してください。
s32-kon-subject-ignore,科目配分を無視,契約・実務,学習法;;誤答,科目配分を無視で起きやすい学習上の誤りを整理します。,模試・暗記・配分の語句が似るため、目的と時期の読み飛ばしが起きやすい。,"[{""topic"": ""目的"", ""wrong"": ""演習を同一視"", ""correct"": ""模試は時間配分と弱点把握"", ""trap"": ""名称だけで判断""}, {""topic"": ""情報"", ""wrong"": ""非公式優先"", ""correct"": ""要項で最終確認"", ""trap"": ""古い記事の流用""}, {""topic"": ""配分"", ""wrong"": ""科目差を無視"", ""correct"": ""足切り・配分をセット"", ""trap"": ""総得点のみ""}, {""topic"": ""復習"", ""wrong"": ""誤答未記録"", ""correct"": ""ノートで再演習"", ""trap"": ""間隔復習省略""}]",科目配分を無視,学習法の誤りも得点損失につながります。比較・誤答表で習慣を直し、要項で前提を確認してください。数値・日程・合格基準は試験実施団体の公式サイト（www.exam.or.jp 等）の試験要項で必ずご確認ください。,誤答型を記録;模試後は必ず振り返り;要項で制度数値確認,習慣を直さない;模試＝過去問;要項未確認,「何を混同したか」を1行で書く。,過去問;模擬試験;復習,「科目配分を無視」の試験での位置づけは？,学習法の誤りも得点損失につながります。比較・誤答表で習慣を直し、要項で前提を確認してください。数値・日程・合格基準は試験実施団体の公式サイト（www.exam.or.jp 等）の試験要項で必ずご確認ください。 試験では誤答型を記録を軸に、関連条文・数値・主体の取り違えを照合してください。,「科目配分を無視」でよくある誤答パターンは？,習慣を直さない;模試＝過去問;要項未確認 誤答肢では模試後は必ず振り返りの主語や条件が入れ替わることが多いので、比較表で整理してください。 過去問で正誤の型を分類し、試験要項で数値・期限を照合してください。,「科目配分を無視」の覚え方・確認手順は？,「科目配分を無視」では誤答型を記録を軸に、条文・数値・主体の取り違えを比較表で整理してください。 典型誤答は習慣を直さない;模試＝過去問;要項未確認。 過去問では条件文の主語入れ替え肢に注意してください。,「科目配分を無視」の公式情報はどこで確認しますか？,「科目配分を無視」では誤答型を記録を軸に、条文・数値・主体の取り違えを比較表で整理してください。 典型誤答は習慣を直さない;模試＝過去問;要項未確認。 過去問では条件文の主語入れ替え肢に注意してください。
s32-kon-no-spaced,間隔復習の省略,契約・実務,学習法;;誤答,間隔復習の省略で起きやすい学習上の誤りを整理します。,模試・暗記・配分の語句が似るため、目的と時期の読み飛ばしが起きやすい。,"[{""topic"": ""目的"", ""wrong"": ""演習を同一視"", ""correct"": ""模試は時間配分と弱点把握"", ""trap"": ""名称だけで判断""}, {""topic"": ""情報"", ""wrong"": ""非公式優先"", ""correct"": ""要項で最終確認"", ""trap"": ""古い記事の流用""}, {""topic"": ""配分"", ""wrong"": ""科目差を無視"", ""correct"": ""足切り・配分をセット"", ""trap"": ""総得点のみ""}, {""topic"": ""復習"", ""wrong"": ""誤答未記録"", ""correct"": ""ノートで再演習"", ""trap"": ""間隔復習省略""}]",間隔復習の省略,学習法の誤りも得点損失につながります。比較・誤答表で習慣を直し、要項で前提を確認してください。数値・日程・合格基準は試験実施団体の公式サイト（www.exam.or.jp 等）の試験要項で必ずご確認ください。,誤答型を記録;模試後は必ず振り返り;要項で制度数値確認,習慣を直さない;模試＝過去問;要項未確認,「何を混同したか」を1行で書く。,過去問;模擬試験;復習,「間隔復習の省略」の試験での位置づけは？,学習法の誤りも得点損失につながります。比較・誤答表で習慣を直し、要項で前提を確認してください。数値・日程・合格基準は試験実施団体の公式サイト（www.exam.or.jp 等）の試験要項で必ずご確認ください。 試験では誤答型を記録を軸に、関連条文・数値・主体の取り違えを照合してください。,「間隔復習の省略」でよくある誤答パターンは？,習慣を直さない;模試＝過去問;要項未確認 誤答肢では模試後は必ず振り返りの主語や条件が入れ替わることが多いので、比較表で整理してください。 過去問で正誤の型を分類し、試験要項で数値・期限を照合してください。,「間隔復習の省略」の覚え方・確認手順は？,「間隔復習の省略」では誤答型を記録を軸に、条文・数値・主体の取り違えを比較表で整理してください。 典型誤答は習慣を直さない;模試＝過去問;要項未確認。 過去問では条件文の主語入れ替え肢に注意してください。,「間隔復習の省略」の公式情報はどこで確認しますか？,「間隔復習の省略」では誤答型を記録を軸に、条文・数値・主体の取り違えを比較表で整理してください。 典型誤答は習慣を直さない;模試＝過去問;要項未確認。 過去問では条件文の主語入れ替え肢に注意してください。
s32-kon-error-no-note,誤答を記録しない,設備・その他,学習法;;誤答,誤答を記録しないで起きやすい学習上の誤りを整理します。,模試・暗記・配分の語句が似るため、目的と時期の読み飛ばしが起きやすい。,"[{""topic"": ""目的"", ""wrong"": ""演習を同一視"", ""correct"": ""模試は時間配分と弱点把握"", ""trap"": ""名称だけで判断""}, {""topic"": ""情報"", ""wrong"": ""非公式優先"", ""correct"": ""要項で最終確認"", ""trap"": ""古い記事の流用""}, {""topic"": ""配分"", ""wrong"": ""科目差を無視"", ""correct"": ""足切り・配分をセット"", ""trap"": ""総得点のみ""}, {""topic"": ""復習"", ""wrong"": ""誤答未記録"", ""correct"": ""ノートで再演習"", ""trap"": ""間隔復習省略""}]",誤答を記録しない,学習法の誤りも得点損失につながります。比較・誤答表で習慣を直し、要項で前提を確認してください。数値・日程・合格基準は試験実施団体の公式サイト（www.exam.or.jp 等）の試験要項で必ずご確認ください。,誤答型を記録;模試後は必ず振り返り;要項で制度数値確認,習慣を直さない;模試＝過去問;要項未確認,「何を混同したか」を1行で書く。,比較表;用語解説;学習記録,「誤答を記録しない」の試験での位置づけは？,学習法の誤りも得点損失につながります。比較・誤答表で習慣を直し、要項で前提を確認してください。数値・日程・合格基準は試験実施団体の公式サイト（www.exam.or.jp 等）の試験要項で必ずご確認ください。 試験では誤答型を記録を軸に、関連条文・数値・主体の取り違えを照合してください。,「誤答を記録しない」でよくある誤答パターンは？,習慣を直さない;模試＝過去問;要項未確認 誤答肢では模試後は必ず振り返りの主語や条件が入れ替わることが多いので、比較表で整理してください。 過去問で正誤の型を分類し、試験要項で数値・期限を照合してください。,「誤答を記録しない」の覚え方・確認手順は？,「誤答を記録しない」では誤答型を記録を軸に、条文・数値・主体の取り違えを比較表で整理してください。 典型誤答は習慣を直さない;模試＝過去問;要項未確認。 過去問では条件文の主語入れ替え肢に注意してください。,「誤答を記録しない」の公式情報はどこで確認しますか？,「誤答を記録しない」では誤答型を記録を軸に、条文・数値・主体の取り違えを比較表で整理してください。 典型誤答は習慣を直さない;模試＝過去問;要項未確認。 過去問では条件文の主語入れ替え肢に注意してください。
s33-kon-error-no-note,直前誤答未記録,設備・その他,学習法;;誤答,直前誤答未記録で起きやすい学習上の誤りを整理します。,直前対策・苦手克服・記述対策の語句が似るため、目的と時期の読み飛ばしが起きやすい。,"[{""topic"": ""目的"", ""wrong"": ""演習を同一視"", ""correct"": ""直前は振り返り中心"", ""trap"": ""名称だけで判断""}, {""topic"": ""情報"", ""wrong"": ""非公式優先"", ""correct"": ""要項で最終確認"", ""trap"": ""古い記事の流用""}, {""topic"": ""配分"", ""wrong"": ""苦手放置"", ""correct"": ""弱点集中と全体点の両立"", ""trap"": ""総得点のみ""}, {""topic"": ""復習"", ""wrong"": ""体験記だけ読む"", ""correct"": ""自分の誤答ノート優先"", ""trap"": ""記述対策省略""}]",直前誤答未記録,学習法の誤りも得点損失につながります。比較・誤答表で習慣を直し、要項で前提を確認してください。数値・日程・合格基準は試験実施団体の公式サイト（www.exam.or.jp 等）の試験要項で必ずご確認ください。,誤答型を記録;直前は振り返り;要項で制度数値確認,習慣を直さない;体験記のみ;要項未確認,「何を混同したか」を1行で書く。,比較表;用語解説;学習記録,「直前誤答未記録」の試験での位置づけは？,学習法の誤りも得点損失につながります。比較・誤答表で習慣を直し、要項で前提を確認してください。数値・日程・合格基準は試験実施団体の公式サイト（www.exam.or.jp 等）の試験要項で必ずご確認ください。 試験では誤答型を記録を軸に、関連条文・数値・主体の取り違えを照合してください。,「直前誤答未記録」でよくある誤答パターンは？,「直前誤答未記録」では誤答型を記録を軸に、条文・数値・主体の取り違えを比較表で整理してください。 典型誤答は習慣を直さない;体験記のみ;要項未確認。 過去問では条件文の主語入れ替え肢に注意してください。,「直前誤答未記録」の覚え方・確認手順は？,「直前誤答未記録」では誤答型を記録を軸に、条文・数値・主体の取り違えを比較表で整理してください。 典型誤答は習慣を直さない;体験記のみ;要項未確認。 過去問では条件文の主語入れ替え肢に注意してください。,「直前誤答未記録」の公式情報はどこで確認しますか？,「直前誤答未記録」では誤答型を記録を軸に、条文・数値・主体の取り違えを比較表で整理してください。 典型誤答は習慣を直さない;体験記のみ;要項未確認。 過去問では条件文の主語入れ替え肢に注意してください。
s32-kon-pass-total-only,総得点のみで足切り無視,法令・制度,学習法;;誤答,総得点のみで足切り無視で起きやすい学習上の誤りを整理します。,模試・暗記・配分の語句が似るため、目的と時期の読み飛ばしが起きやすい。,"[{""topic"": ""目的"", ""wrong"": ""演習を同一視"", ""correct"": ""模試は時間配分と弱点把握"", ""trap"": ""名称だけで判断""}, {""topic"": ""情報"", ""wrong"": ""非公式優先"", ""correct"": ""要項で最終確認"", ""trap"": ""古い記事の流用""}, {""topic"": ""配分"", ""wrong"": ""科目差を無視"", ""correct"": ""足切り・配分をセット"", ""trap"": ""総得点のみ""}, {""topic"": ""復習"", ""wrong"": ""誤答未記録"", ""correct"": ""ノートで再演習"", ""trap"": ""間隔復習省略""}]",総得点のみで足切り無視,学習法の誤りも得点損失につながります。比較・誤答表で習慣を直し、要項で前提を確認してください。数値・日程・合格基準は試験実施団体の公式サイト（www.exam.or.jp 等）の試験要項で必ずご確認ください。,誤答型を記録;模試後は必ず振り返り;要項で制度数値確認,習慣を直さない;模試＝過去問;要項未確認,「何を混同したか」を1行で書く。,公式情報;試験要項;合格基準,「総得点のみで足切り無視」の試験での位置づけは？,学習法の誤りも得点損失につながります。比較・誤答表で習慣を直し、要項で前提を確認してください。数値・日程・合格基準は試験実施団体の公式サイト（www.exam.or.jp 等）の試験要項で必ずご確認ください。 試験では誤答型を記録を軸に、関連条文・数値・主体の取り違えを照合してください。,「総得点のみで足切り無視」でよくある誤答パターンは？,習慣を直さない;模試＝過去問;要項未確認 誤答肢では模試後は必ず振り返りの主語や条件が入れ替わることが多いので、比較表で整理してください。 過去問で正誤の型を分類し、試験要項で数値・期限を照合してください。,「総得点のみで足切り無視」の覚え方・確認手順は？,「総得点のみで足切り無視」では誤答型を記録を軸に、条文・数値・主体の取り違えを比較表で整理してください。 典型誤答は習慣を直さない;模試＝過去問;要項未確認。 過去問では条件文の主語入れ替え肢に注意してください。,「総得点のみで足切り無視」の公式情報はどこで確認しますか？,「総得点のみで足切り無視」では誤答型を記録を軸に、条文・数値・主体の取り違えを比較表で整理してください。 典型誤答は習慣を直さない;模試＝過去問;要項未確認。 過去問では条件文の主語入れ替え肢に注意してください。
s32-kon-youkou-skip,要項を読まず演習開始,法令・制度,学習法;;誤答,要項を読まず演習開始で起きやすい学習上の誤りを整理します。,模試・暗記・配分の語句が似るため、目的と時期の読み飛ばしが起きやすい。,"[{""topic"": ""目的"", ""wrong"": ""演習を同一視"", ""correct"": ""模試は時間配分と弱点把握"", ""trap"": ""名称だけで判断""}, {""topic"": ""情報"", ""wrong"": ""非公式優先"", ""correct"": ""要項で最終確認"", ""trap"": ""古い記事の流用""}, {""topic"": ""配分"", ""wrong"": ""科目差を無視"", ""correct"": ""足切り・配分をセット"", ""trap"": ""総得点のみ""}, {""topic"": ""復習"", ""wrong"": ""誤答未記録"", ""correct"": ""ノートで再演習"", ""trap"": ""間隔復習省略""}]",要項を読まず演習開始,学習法の誤りも得点損失につながります。比較・誤答表で習慣を直し、要項で前提を確認してください。数値・日程・合格基準は試験実施団体の公式サイト（www.exam.or.jp 等）の試験要項で必ずご確認ください。,誤答型を記録;模試後は必ず振り返り;要項で制度数値確認,習慣を直さない;模試＝過去問;要項未確認,「何を混同したか」を1行で書く。,公式情報;試験要項;合格基準,「要項を読まず演習開始」の試験での位置づけは？,学習法の誤りも得点損失につながります。比較・誤答表で習慣を直し、要項で前提を確認してください。数値・日程・合格基準は試験実施団体の公式サイト（www.exam.or.jp 等）の試験要項で必ずご確認ください。 試験では誤答型を記録を軸に、関連条文・数値・主体の取り違えを照合してください。,「要項を読まず演習開始」でよくある誤答パターンは？,習慣を直さない;模試＝過去問;要項未確認 誤答肢では模試後は必ず振り返りの主語や条件が入れ替わることが多いので、比較表で整理してください。 過去問で正誤の型を分類し、試験要項で数値・期限を照合してください。,「要項を読まず演習開始」の覚え方・確認手順は？,「要項を読まず演習開始」では誤答型を記録を軸に、条文・数値・主体の取り違えを比較表で整理してください。 典型誤答は習慣を直さない;模試＝過去問;要項未確認。 過去問では条件文の主語入れ替え肢に注意してください。,「要項を読まず演習開始」の公式情報はどこで確認しますか？,「要項を読まず演習開始」では誤答型を記録を軸に、条文・数値・主体の取り違えを比較表で整理してください。 典型誤答は習慣を直さない;模試＝過去問;要項未確認。 過去問では条件文の主語入れ替え肢に注意してください。
s33-kon-youkou-skip,直前要項未確認,法令・制度,学習法;;誤答,直前要項未確認で起きやすい学習上の誤りを整理します。,直前対策・苦手克服・記述対策の語句が似るため、目的と時期の読み飛ばしが起きやすい。,"[{""topic"": ""目的"", ""wrong"": ""演習を同一視"", ""correct"": ""直前は振り返り中心"", ""trap"": ""名称だけで判断""}, {""topic"": ""情報"", ""wrong"": ""非公式優先"", ""correct"": ""要項で最終確認"", ""trap"": ""古い記事の流用""}, {""topic"": ""配分"", ""wrong"": ""苦手放置"", ""correct"": ""弱点集中と全体点の両立"", ""trap"": ""総得点のみ""}, {""topic"": ""復習"", ""wrong"": ""体験記だけ読む"", ""correct"": ""自分の誤答ノート優先"", ""trap"": ""記述対策省略""}]",直前要項未確認,学習法の誤りも得点損失につながります。比較・誤答表で習慣を直し、要項で前提を確認してください。数値・日程・合格基準は試験実施団体の公式サイト（www.exam.or.jp 等）の試験要項で必ずご確認ください。,誤答型を記録;直前は振り返り;要項で制度数値確認,習慣を直さない;体験記のみ;要項未確認,「何を混同したか」を1行で書く。,公式情報;試験要項;合格基準,「直前要項未確認」の試験での位置づけは？,学習法の誤りも得点損失につながります。比較・誤答表で習慣を直し、要項で前提を確認してください。数値・日程・合格基準は試験実施団体の公式サイト（www.exam.or.jp 等）の試験要項で必ずご確認ください。 試験では誤答型を記録を軸に、関連条文・数値・主体の取り違えを照合してください。,「直前要項未確認」でよくある誤答パターンは？,「直前要項未確認」では誤答型を記録を軸に、条文・数値・主体の取り違えを比較表で整理してください。 典型誤答は習慣を直さない;体験記のみ;要項未確認。 過去問では条件文の主語入れ替え肢に注意してください。,「直前要項未確認」の覚え方・確認手順は？,「直前要項未確認」では誤答型を記録を軸に、条文・数値・主体の取り違えを比較表で整理してください。 典型誤答は習慣を直さない;体験記のみ;要項未確認。 過去問では条件文の主語入れ替え肢に注意してください。,「直前要項未確認」の公式情報はどこで確認しますか？,「直前要項未確認」では誤答型を記録を軸に、条文・数値・主体の取り違えを比較表で整理してください。 典型誤答は習慣を直さない;体験記のみ;要項未確認。 過去問では条件文の主語入れ替え肢に注意してください。
s32-kon-mix-modes,演習モードを混同,契約・実務,学習法;;誤答,演習モードを混同で起きやすい学習上の誤りを整理します。,模試・暗記・配分の語句が似るため、目的と時期の読み飛ばしが起きやすい。,"[{""topic"": ""目的"", ""wrong"": ""演習を同一視"", ""correct"": ""模試は時間配分と弱点把握"", ""trap"": ""名称だけで判断""}, {""topic"": ""情報"", ""wrong"": ""非公式優先"", ""correct"": ""要項で最終確認"", ""trap"": ""古い記事の流用""}, {""topic"": ""配分"", ""wrong"": ""科目差を無視"", ""correct"": ""足切り・配分をセット"", ""trap"": ""総得点のみ""}, {""topic"": ""復習"", ""wrong"": ""誤答未記録"", ""correct"": ""ノートで再演習"", ""trap"": ""間隔復習省略""}]",演習モードを混同,学習法の誤りも得点損失につながります。比較・誤答表で習慣を直し、要項で前提を確認してください。数値・日程・合格基準は試験実施団体の公式サイト（www.exam.or.jp 等）の試験要項で必ずご確認ください。,誤答型を記録;模試後は必ず振り返り;要項で制度数値確認,習慣を直さない;模試＝過去問;要項未確認,「何を混同したか」を1行で書く。,過去問;模擬試験;復習,「演習モードを混同」の試験での位置づけは？,学習法の誤りも得点損失につながります。比較・誤答表で習慣を直し、要項で前提を確認してください。数値・日程・合格基準は試験実施団体の公式サイト（www.exam.or.jp 等）の試験要項で必ずご確認ください。 試験では誤答型を記録を軸に、関連条文・数値・主体の取り違えを照合してください。,「演習モードを混同」でよくある誤答パターンは？,習慣を直さない;模試＝過去問;要項未確認 誤答肢では模試後は必ず振り返りの主語や条件が入れ替わることが多いので、比較表で整理してください。 過去問で正誤の型を分類し、試験要項で数値・期限を照合してください。,「演習モードを混同」の覚え方・確認手順は？,「演習モードを混同」では誤答型を記録を軸に、条文・数値・主体の取り違えを比較表で整理してください。 典型誤答は習慣を直さない;模試＝過去問;要項未確認。 過去問では条件文の主語入れ替え肢に注意してください。,「演習モードを混同」の公式情報はどこで確認しますか？,「演習モードを混同」では誤答型を記録を軸に、条文・数値・主体の取り違えを比較表で整理してください。 典型誤答は習慣を直さない;模試＝過去問;要項未確認。 過去問では条件文の主語入れ替え肢に注意してください。
s32-kon-final-new-topic,直前に新範囲だけ学習,契約・実務,学習法;;誤答,直前に新範囲だけ学習で起きやすい学習上の誤りを整理します。,模試・暗記・配分の語句が似るため、目的と時期の読み飛ばしが起きやすい。,"[{""topic"": ""目的"", ""wrong"": ""演習を同一視"", ""correct"": ""模試は時間配分と弱点把握"", ""trap"": ""名称だけで判断"", ""angle"": ""構造・取扱い""}, {""topic"": ""情報"", ""wrong"": ""非公式優先"", ""correct"": ""要項で最終確認"", ""trap"": ""古い記事の流用"", ""angle"": ""構造・取扱い""}, {""topic"": ""配分"", ""wrong"": ""科目差を無視"", ""correct"": ""足切り・配分をセット"", ""trap"": ""総得点のみ"", ""angle"": ""構造・取扱い""}, {""topic"": ""復習"", ""wrong"": ""誤答未記録"", ""correct"": ""ノートで再演習"", ""trap"": ""間隔復習省略"", ""angle"": ""構造・取扱い""}, {""topic"": ""目的"", ""wrong"": ""演習を同一視"", ""correct"": ""直前は振り返り中心"", ""trap"": ""名称だけで判断"", ""angle"": ""取扱い深掘り""}, {""topic"": ""配分"", ""wrong"": ""苦手放置"", ""correct"": ""弱点集中と全体点の両立"", ""trap"": ""総得点のみ"", ""angle"": ""取扱い深掘り""}, {""topic"": ""復習"", ""wrong"": ""体験記だけ読む"", ""correct"": ""自分の誤答ノート優先"", ""trap"": ""記述対策省略"", ""angle"": ""取扱い深掘り""}]",直前に新範囲だけ学習,学習法の誤りも得点損失につながります。比較・誤答表で習慣を直し、要項で前提を確認してください。数値・日程・合格基準は試験実施団体の公式サイト（www.exam.or.jp 等）の試験要項で必ずご確認ください。,誤答型を記録;模試後は必ず振り返り;要項で制度数値確認,習慣を直さない;模試＝過去問;要項未確認,「何を混同したか」を1行で書く。,過去問;模擬試験;復習,「直前に新範囲だけ学習」の試験での位置づけは？,学習法の誤りも得点損失につながります。比較・誤答表で習慣を直し、要項で前提を確認してください。数値・日程・合格基準は試験実施団体の公式サイト（www.exam.or.jp 等）の試験要項で必ずご確認ください。 試験では誤答型を記録を軸に、関連条文・数値・主体の取り違えを照合してください。,「直前に新範囲だけ学習」でよくある誤答パターンは？,習慣を直さない;模試＝過去問;要項未確認 誤答肢では模試後は必ず振り返りの主語や条件が入れ替わることが多いので、比較表で整理してください。 過去問で正誤の型を分類し、試験要項で数値・期限を照合してください。,「直前に新範囲だけ学習」の覚え方・確認手順は？,「直前に新範囲だけ学習」では誤答型を記録を軸に、条文・数値・主体の取り違えを比較表で整理してください。 典型誤答は習慣を直さない;模試＝過去問;要項未確認。 過去問では条件文の主語入れ替え肢に注意してください。,「直前に新範囲だけ学習」の公式情報はどこで確認しますか？,「直前に新範囲だけ学習」では誤答型を記録を軸に、条文・数値・主体の取り違えを比較表で整理してください。 典型誤答は習慣を直さない;模試＝過去問;要項未確認。 過去問では条件文の主語入れ替え肢に注意してください。
s32-kon-glossary-never,用語を一度も見ない,設備・その他,学習法;;誤答,用語を一度も見ないで起きやすい学習上の誤りを整理します。,模試・暗記・配分の語句が似るため、目的と時期の読み飛ばしが起きやすい。,"[{""topic"": ""目的"", ""wrong"": ""演習を同一視"", ""correct"": ""模試は時間配分と弱点把握"", ""trap"": ""名称だけで判断""}, {""topic"": ""情報"", ""wrong"": ""非公式優先"", ""correct"": ""要項で最終確認"", ""trap"": ""古い記事の流用""}, {""topic"": ""配分"", ""wrong"": ""科目差を無視"", ""correct"": ""足切り・配分をセット"", ""trap"": ""総得点のみ""}, {""topic"": ""復習"", ""wrong"": ""誤答未記録"", ""correct"": ""ノートで再演習"", ""trap"": ""間隔復習省略""}]",用語を一度も見ない,学習法の誤りも得点損失につながります。比較・誤答表で習慣を直し、要項で前提を確認してください。数値・日程・合格基準は試験実施団体の公式サイト（www.exam.or.jp 等）の試験要項で必ずご確認ください。,誤答型を記録;模試後は必ず振り返り;要項で制度数値確認,習慣を直さない;模試＝過去問;要項未確認,「何を混同したか」を1行で書く。,比較表;用語解説;学習記録,「用語を一度も見ない」の試験での位置づけは？,学習法の誤りも得点損失につながります。比較・誤答表で習慣を直し、要項で前提を確認してください。数値・日程・合格基準は試験実施団体の公式サイト（www.exam.or.jp 等）の試験要項で必ずご確認ください。 試験では誤答型を記録を軸に、関連条文・数値・主体の取り違えを照合してください。,「用語を一度も見ない」でよくある誤答パターンは？,習慣を直さない;模試＝過去問;要項未確認 誤答肢では模試後は必ず振り返りの主語や条件が入れ替わることが多いので、比較表で整理してください。 過去問で正誤の型を分類し、試験要項で数値・期限を照合してください。,「用語を一度も見ない」の覚え方・確認手順は？,「用語を一度も見ない」では誤答型を記録を軸に、条文・数値・主体の取り違えを比較表で整理してください。 典型誤答は習慣を直さない;模試＝過去問;要項未確認。 過去問では条件文の主語入れ替え肢に注意してください。,「用語を一度も見ない」の公式情報はどこで確認しますか？,「用語を一度も見ない」では誤答型を記録を軸に、条文・数値・主体の取り違えを比較表で整理してください。 典型誤答は習慣を直さない;模試＝過去問;要項未確認。 過去問では条件文の主語入れ替え肢に注意してください。
s33-kon-nigate-skip,苦手科目を完全スキップ,契約・実務,学習法;;誤答,苦手科目を完全スキップで起きやすい学習上の誤りを整理します。,直前対策・苦手克服・記述対策の語句が似るため、目的と時期の読み飛ばしが起きやすい。,"[{""topic"": ""目的"", ""wrong"": ""演習を同一視"", ""correct"": ""直前は振り返り中心"", ""trap"": ""名称だけで判断""}, {""topic"": ""情報"", ""wrong"": ""非公式優先"", ""correct"": ""要項で最終確認"", ""trap"": ""古い記事の流用""}, {""topic"": ""配分"", ""wrong"": ""苦手放置"", ""correct"": ""弱点集中と全体点の両立"", ""trap"": ""総得点のみ""}, {""topic"": ""復習"", ""wrong"": ""体験記だけ読む"", ""correct"": ""自分の誤答ノート優先"", ""trap"": ""記述対策省略""}]",苦手科目を完全スキップ,学習法の誤りも得点損失につながります。比較・誤答表で習慣を直し、要項で前提を確認してください。数値・日程・合格基準は試験実施団体の公式サイト（www.exam.or.jp 等）の試験要項で必ずご確認ください。,誤答型を記録;直前は振り返り;要項で制度数値確認,習慣を直さない;体験記のみ;要項未確認,「何を混同したか」を1行で書く。,過去問;模擬試験;復習,「苦手科目を完全スキップ」の試験での位置づけは？,学習法の誤りも得点損失につながります。比較・誤答表で習慣を直し、要項で前提を確認してください。数値・日程・合格基準は試験実施団体の公式サイト（www.exam.or.jp 等）の試験要項で必ずご確認ください。 試験では誤答型を記録を軸に、関連条文・数値・主体の取り違えを照合してください。,「苦手科目を完全スキップ」でよくある誤答パターンは？,「苦手科目を完全スキップ」では誤答型を記録を軸に、条文・数値・主体の取り違えを比較表で整理してください。 典型誤答は習慣を直さない;体験記のみ;要項未確認。 過去問では条件文の主語入れ替え肢に注意してください。,「苦手科目を完全スキップ」の覚え方・確認手順は？,「苦手科目を完全スキップ」では誤答型を記録を軸に、条文・数値・主体の取り違えを比較表で整理してください。 典型誤答は習慣を直さない;体験記のみ;要項未確認。 過去問では条件文の主語入れ替え肢に注意してください。,「苦手科目を完全スキップ」の公式情報はどこで確認しますか？,「苦手科目を完全スキップ」では誤答型を記録を軸に、条文・数値・主体の取り違えを比較表で整理してください。 典型誤答は習慣を直さない;体験記のみ;要項未確認。 過去問では条件文の主語入れ替え肢に注意してください。
s33-kon-kijutsu-skip,記述対策を省略,契約・実務,学習法;;誤答,記述対策を省略で起きやすい学習上の誤りを整理します。,直前対策・苦手克服・記述対策の語句が似るため、目的と時期の読み飛ばしが起きやすい。,"[{""topic"": ""目的"", ""wrong"": ""演習を同一視"", ""correct"": ""直前は振り返り中心"", ""trap"": ""名称だけで判断""}, {""topic"": ""情報"", ""wrong"": ""非公式優先"", ""correct"": ""要項で最終確認"", ""trap"": ""古い記事の流用""}, {""topic"": ""配分"", ""wrong"": ""苦手放置"", ""correct"": ""弱点集中と全体点の両立"", ""trap"": ""総得点のみ""}, {""topic"": ""復習"", ""wrong"": ""体験記だけ読む"", ""correct"": ""自分の誤答ノート優先"", ""trap"": ""記述対策省略""}]",記述対策を省略,学習法の誤りも得点損失につながります。比較・誤答表で習慣を直し、要項で前提を確認してください。数値・日程・合格基準は試験実施団体の公式サイト（www.exam.or.jp 等）の試験要項で必ずご確認ください。,誤答型を記録;直前は振り返り;要項で制度数値確認,習慣を直さない;体験記のみ;要項未確認,「何を混同したか」を1行で書く。,過去問;模擬試験;復習,「記述対策を省略」の試験での位置づけは？,学習法の誤りも得点損失につながります。比較・誤答表で習慣を直し、要項で前提を確認してください。数値・日程・合格基準は試験実施団体の公式サイト（www.exam.or.jp 等）の試験要項で必ずご確認ください。 試験では誤答型を記録を軸に、関連条文・数値・主体の取り違えを照合してください。,「記述対策を省略」でよくある誤答パターンは？,「記述対策を省略」では誤答型を記録を軸に、条文・数値・主体の取り違えを比較表で整理してください。 典型誤答は習慣を直さない;体験記のみ;要項未確認。 過去問では条件文の主語入れ替え肢に注意してください。,「記述対策を省略」の覚え方・確認手順は？,「記述対策を省略」では誤答型を記録を軸に、条文・数値・主体の取り違えを比較表で整理してください。 典型誤答は習慣を直さない;体験記のみ;要項未確認。 過去問では条件文の主語入れ替え肢に注意してください。,「記述対策を省略」の公式情報はどこで確認しますか？,「記述対策を省略」では誤答型を記録を軸に、条文・数値・主体の取り違えを比較表で整理してください。 典型誤答は習慣を直さない;体験記のみ;要項未確認。 過去問では条件文の主語入れ替え肢に注意してください。
s33-kon-taiken-only,体験記だけで計画,設備・その他,学習法;;誤答,体験記だけで計画で起きやすい学習上の誤りを整理します。,直前対策・苦手克服・記述対策の語句が似るため、目的と時期の読み飛ばしが起きやすい。,"[{""topic"": ""目的"", ""wrong"": ""演習を同一視"", ""correct"": ""直前は振り返り中心"", ""trap"": ""名称だけで判断""}, {""topic"": ""情報"", ""wrong"": ""非公式優先"", ""correct"": ""要項で最終確認"", ""trap"": ""古い記事の流用""}, {""topic"": ""配分"", ""wrong"": ""苦手放置"", ""correct"": ""弱点集中と全体点の両立"", ""trap"": ""総得点のみ""}, {""topic"": ""復習"", ""wrong"": ""体験記だけ読む"", ""correct"": ""自分の誤答ノート優先"", ""trap"": ""記述対策省略""}]",体験記だけで計画,学習法の誤りも得点損失につながります。比較・誤答表で習慣を直し、要項で前提を確認してください。数値・日程・合格基準は試験実施団体の公式サイト（www.exam.or.jp 等）の試験要項で必ずご確認ください。,誤答型を記録;直前は振り返り;要項で制度数値確認,習慣を直さない;体験記のみ;要項未確認,「何を混同したか」を1行で書く。,比較表;用語解説;学習記録,「体験記だけで計画」の試験での位置づけは？,学習法の誤りも得点損失につながります。比較・誤答表で習慣を直し、要項で前提を確認してください。数値・日程・合格基準は試験実施団体の公式サイト（www.exam.or.jp 等）の試験要項で必ずご確認ください。 試験では誤答型を記録を軸に、関連条文・数値・主体の取り違えを照合してください。,「体験記だけで計画」でよくある誤答パターンは？,「体験記だけで計画」では誤答型を記録を軸に、条文・数値・主体の取り違えを比較表で整理してください。 典型誤答は習慣を直さない;体験記のみ;要項未確認。 過去問では条件文の主語入れ替え肢に注意してください。,「体験記だけで計画」の覚え方・確認手順は？,「体験記だけで計画」では誤答型を記録を軸に、条文・数値・主体の取り違えを比較表で整理してください。 典型誤答は習慣を直さない;体験記のみ;要項未確認。 過去問では条件文の主語入れ替え肢に注意してください。,「体験記だけで計画」の公式情報はどこで確認しますか？,「体験記だけで計画」では誤答型を記録を軸に、条文・数値・主体の取り違えを比較表で整理してください。 典型誤答は習慣を直さない;体験記のみ;要項未確認。 過去問では条件文の主語入れ替え肢に注意してください。
s33-kon-no-sleep,睡眠削って詰め込み,設備・その他,学習法;;誤答,睡眠削って詰め込みで起きやすい学習上の誤りを整理します。,直前対策・苦手克服・記述対策の語句が似るため、目的と時期の読み飛ばしが起きやすい。,"[{""topic"": ""目的"", ""wrong"": ""演習を同一視"", ""correct"": ""直前は振り返り中心"", ""trap"": ""名称だけで判断""}, {""topic"": ""情報"", ""wrong"": ""非公式優先"", ""correct"": ""要項で最終確認"", ""trap"": ""古い記事の流用""}, {""topic"": ""配分"", ""wrong"": ""苦手放置"", ""correct"": ""弱点集中と全体点の両立"", ""trap"": ""総得点のみ""}, {""topic"": ""復習"", ""wrong"": ""体験記だけ読む"", ""correct"": ""自分の誤答ノート優先"", ""trap"": ""記述対策省略""}]",睡眠削って詰め込み,学習法の誤りも得点損失につながります。比較・誤答表で習慣を直し、要項で前提を確認してください。数値・日程・合格基準は試験実施団体の公式サイト（www.exam.or.jp 等）の試験要項で必ずご確認ください。,誤答型を記録;直前は振り返り;要項で制度数値確認,習慣を直さない;体験記のみ;要項未確認,「何を混同したか」を1行で書く。,比較表;用語解説;学習記録,「睡眠削って詰め込み」の試験での位置づけは？,学習法の誤りも得点損失につながります。比較・誤答表で習慣を直し、要項で前提を確認してください。数値・日程・合格基準は試験実施団体の公式サイト（www.exam.or.jp 等）の試験要項で必ずご確認ください。 試験では誤答型を記録を軸に、関連条文・数値・主体の取り違えを照合してください。,「睡眠削って詰め込み」でよくある誤答パターンは？,「睡眠削って詰め込み」では誤答型を記録を軸に、条文・数値・主体の取り違えを比較表で整理してください。 典型誤答は習慣を直さない;体験記のみ;要項未確認。 過去問では条件文の主語入れ替え肢に注意してください。,「睡眠削って詰め込み」の覚え方・確認手順は？,「睡眠削って詰め込み」では誤答型を記録を軸に、条文・数値・主体の取り違えを比較表で整理してください。 典型誤答は習慣を直さない;体験記のみ;要項未確認。 過去問では条件文の主語入れ替え肢に注意してください。,「睡眠削って詰め込み」の公式情報はどこで確認しますか？,「睡眠削って詰め込み」では誤答型を記録を軸に、条文・数値・主体の取り違えを比較表で整理してください。 典型誤答は習慣を直さない;体験記のみ;要項未確認。 過去問では条件文の主語入れ替え肢に注意してください。
s33-kon-mock-panic,模試低得点で計画放棄,契約・実務,学習法;;誤答,模試低得点で計画放棄で起きやすい学習上の誤りを整理します。,直前対策・苦手克服・記述対策の語句が似るため、目的と時期の読み飛ばしが起きやすい。,"[{""topic"": ""目的"", ""wrong"": ""演習を同一視"", ""correct"": ""直前は振り返り中心"", ""trap"": ""名称だけで判断""}, {""topic"": ""情報"", ""wrong"": ""非公式優先"", ""correct"": ""要項で最終確認"", ""trap"": ""古い記事の流用""}, {""topic"": ""配分"", ""wrong"": ""苦手放置"", ""correct"": ""弱点集中と全体点の両立"", ""trap"": ""総得点のみ""}, {""topic"": ""復習"", ""wrong"": ""体験記だけ読む"", ""correct"": ""自分の誤答ノート優先"", ""trap"": ""記述対策省略""}]",模試低得点で計画放棄,学習法の誤りも得点損失につながります。比較・誤答表で習慣を直し、要項で前提を確認してください。数値・日程・合格基準は試験実施団体の公式サイト（www.exam.or.jp 等）の試験要項で必ずご確認ください。,誤答型を記録;直前は振り返り;要項で制度数値確認,習慣を直さない;体験記のみ;要項未確認,「何を混同したか」を1行で書く。,過去問;模擬試験;復習,「模試低得点で計画放棄」の試験での位置づけは？,学習法の誤りも得点損失につながります。比較・誤答表で習慣を直し、要項で前提を確認してください。数値・日程・合格基準は試験実施団体の公式サイト（www.exam.or.jp 等）の試験要項で必ずご確認ください。 試験では誤答型を記録を軸に、関連条文・数値・主体の取り違えを照合してください。,「模試低得点で計画放棄」でよくある誤答パターンは？,「模試低得点で計画放棄」では誤答型を記録を軸に、条文・数値・主体の取り違えを比較表で整理してください。 典型誤答は習慣を直さない;体験記のみ;要項未確認。 過去問では条件文の主語入れ替え肢に注意してください。,「模試低得点で計画放棄」の覚え方・確認手順は？,「模試低得点で計画放棄」では誤答型を記録を軸に、条文・数値・主体の取り違えを比較表で整理してください。 典型誤答は習慣を直さない;体験記のみ;要項未確認。 過去問では条件文の主語入れ替え肢に注意してください。,「模試低得点で計画放棄」の公式情報はどこで確認しますか？,「模試低得点で計画放棄」では誤答型を記録を軸に、条文・数値・主体の取り違えを比較表で整理してください。 典型誤答は習慣を直さない;体験記のみ;要項未確認。 過去問では条件文の主語入れ替え肢に注意してください。
s33-kon-pass-ignore,足切りを無視,法令・制度,学習法;;誤答,足切りを無視で起きやすい学習上の誤りを整理します。,直前対策・苦手克服・記述対策の語句が似るため、目的と時期の読み飛ばしが起きやすい。,"[{""topic"": ""目的"", ""wrong"": ""演習を同一視"", ""correct"": ""直前は振り返り中心"", ""trap"": ""名称だけで判断""}, {""topic"": ""情報"", ""wrong"": ""非公式優先"", ""correct"": ""要項で最終確認"", ""trap"": ""古い記事の流用""}, {""topic"": ""配分"", ""wrong"": ""苦手放置"", ""correct"": ""弱点集中と全体点の両立"", ""trap"": ""総得点のみ""}, {""topic"": ""復習"", ""wrong"": ""体験記だけ読む"", ""correct"": ""自分の誤答ノート優先"", ""trap"": ""記述対策省略""}]",足切りを無視,学習法の誤りも得点損失につながります。比較・誤答表で習慣を直し、要項で前提を確認してください。数値・日程・合格基準は試験実施団体の公式サイト（www.exam.or.jp 等）の試験要項で必ずご確認ください。,誤答型を記録;直前は振り返り;要項で制度数値確認,習慣を直さない;体験記のみ;要項未確認,「何を混同したか」を1行で書く。,公式情報;試験要項;合格基準,「足切りを無視」の試験での位置づけは？,学習法の誤りも得点損失につながります。比較・誤答表で習慣を直し、要項で前提を確認してください。数値・日程・合格基準は試験実施団体の公式サイト（www.exam.or.jp 等）の試験要項で必ずご確認ください。 試験では誤答型を記録を軸に、関連条文・数値・主体の取り違えを照合してください。,「足切りを無視」でよくある誤答パターンは？,「足切りを無視」では誤答型を記録を軸に、条文・数値・主体の取り違えを比較表で整理してください。 典型誤答は習慣を直さない;体験記のみ;要項未確認。 過去問では条件文の主語入れ替え肢に注意してください。,「足切りを無視」の覚え方・確認手順は？,「足切りを無視」では誤答型を記録を軸に、条文・数値・主体の取り違えを比較表で整理してください。 典型誤答は習慣を直さない;体験記のみ;要項未確認。 過去問では条件文の主語入れ替え肢に注意してください。,「足切りを無視」の公式情報はどこで確認しますか？,「足切りを無視」では誤答型を記録を軸に、条文・数値・主体の取り違えを比較表で整理してください。 典型誤答は習慣を直さない;体験記のみ;要項未確認。 過去問では条件文の主語入れ替え肢に注意してください。
s33-kon-glossary-skip,用語を見ない,設備・その他,学習法;;誤答,用語を見ないで起きやすい学習上の誤りを整理します。,直前対策・苦手克服・記述対策の語句が似るため、目的と時期の読み飛ばしが起きやすい。,"[{""topic"": ""目的"", ""wrong"": ""演習を同一視"", ""correct"": ""直前は振り返り中心"", ""trap"": ""名称だけで判断""}, {""topic"": ""情報"", ""wrong"": ""非公式優先"", ""correct"": ""要項で最終確認"", ""trap"": ""古い記事の流用""}, {""topic"": ""配分"", ""wrong"": ""苦手放置"", ""correct"": ""弱点集中と全体点の両立"", ""trap"": ""総得点のみ""}, {""topic"": ""復習"", ""wrong"": ""体験記だけ読む"", ""correct"": ""自分の誤答ノート優先"", ""trap"": ""記述対策省略""}]",用語を見ない,学習法の誤りも得点損失につながります。比較・誤答表で習慣を直し、要項で前提を確認してください。数値・日程・合格基準は試験実施団体の公式サイト（www.exam.or.jp 等）の試験要項で必ずご確認ください。,誤答型を記録;直前は振り返り;要項で制度数値確認,習慣を直さない;体験記のみ;要項未確認,「何を混同したか」を1行で書く。,比較表;用語解説;学習記録,「用語を見ない」の試験での位置づけは？,学習法の誤りも得点損失につながります。比較・誤答表で習慣を直し、要項で前提を確認してください。数値・日程・合格基準は試験実施団体の公式サイト（www.exam.or.jp 等）の試験要項で必ずご確認ください。 試験では誤答型を記録を軸に、関連条文・数値・主体の取り違えを照合してください。,「用語を見ない」でよくある誤答パターンは？,「用語を見ない」では誤答型を記録を軸に、条文・数値・主体の取り違えを比較表で整理してください。 典型誤答は習慣を直さない;体験記のみ;要項未確認。 過去問では条件文の主語入れ替え肢に注意してください。,「用語を見ない」の覚え方・確認手順は？,「用語を見ない」では誤答型を記録を軸に、条文・数値・主体の取り違えを比較表で整理してください。 典型誤答は習慣を直さない;体験記のみ;要項未確認。 過去問では条件文の主語入れ替え肢に注意してください。,「用語を見ない」の公式情報はどこで確認しますか？,「用語を見ない」では誤答型を記録を軸に、条文・数値・主体の取り違えを比較表で整理してください。 典型誤答は習慣を直さない;体験記のみ;要項未確認。 過去問では条件文の主語入れ替え肢に注意してください。
s34-kon-all-new,直前週に全新範囲,契約・実務,学習法;;誤答,直前週に全新範囲で起きやすい学習上の誤りを整理します。,直前対策・苦手克服・記述対策の語句が似るため、目的と時期の読み飛ばしが起きやすい。,"[{""topic"": ""目的"", ""wrong"": ""演習を同一視"", ""correct"": ""直前は振り返り中心"", ""trap"": ""名称だけで判断""}, {""topic"": ""情報"", ""wrong"": ""非公式優先"", ""correct"": ""要項で最終確認"", ""trap"": ""古い記事の流用""}, {""topic"": ""配分"", ""wrong"": ""苦手放置"", ""correct"": ""弱点集中と全体点の両立"", ""trap"": ""総得点のみ""}, {""topic"": ""復習"", ""wrong"": ""体験記だけ読む"", ""correct"": ""自分の誤答ノート優先"", ""trap"": ""記述対策省略""}]",直前週に全新範囲,学習法の誤りも得点損失につながります。比較・誤答表で習慣を直し、要項で前提を確認してください。数値・日程・合格基準は試験実施団体の公式サイト（www.exam.or.jp 等）の試験要項で必ずご確認ください。,誤答型を記録;直前は振り返り;要項で制度数値確認,習慣を直さない;体験記のみ;要項未確認,「何を混同したか」を1行で書く。,過去問;模擬試験;復習,「直前週に全新範囲」の試験での位置づけは？,学習法の誤りも得点損失につながります。比較・誤答表で習慣を直し、要項で前提を確認してください。数値・日程・合格基準は試験実施団体の公式サイト（www.exam.or.jp 等）の試験要項で必ずご確認ください。 試験では誤答型を記録を軸に、関連条文・数値・主体の取り違えを照合してください。,「直前週に全新範囲」でよくある誤答パターンは？,「直前週に全新範囲」では誤答型を記録を軸に、条文・数値・主体の取り違えを比較表で整理してください。 典型誤答は習慣を直さない;体験記のみ;要項未確認。 過去問では条件文の主語入れ替え肢に注意してください。,「直前週に全新範囲」の覚え方・確認手順は？,「直前週に全新範囲」では誤答型を記録を軸に、条文・数値・主体の取り違えを比較表で整理してください。 典型誤答は習慣を直さない;体験記のみ;要項未確認。 過去問では条件文の主語入れ替え肢に注意してください。,「直前週に全新範囲」の公式情報はどこで確認しますか？,「直前週に全新範囲」では誤答型を記録を軸に、条文・数値・主体の取り違えを比較表で整理してください。 典型誤答は習慣を直さない;体験記のみ;要項未確認。 過去問では条件文の主語入れ替え肢に注意してください。
s34-kon-nigate-giveup,苦手を直前放棄,契約・実務,学習法;;誤答,苦手を直前放棄で起きやすい学習上の誤りを整理します。,直前対策・苦手克服・記述対策の語句が似るため、目的と時期の読み飛ばしが起きやすい。,"[{""topic"": ""目的"", ""wrong"": ""演習を同一視"", ""correct"": ""直前は振り返り中心"", ""trap"": ""名称だけで判断""}, {""topic"": ""情報"", ""wrong"": ""非公式優先"", ""correct"": ""要項で最終確認"", ""trap"": ""古い記事の流用""}, {""topic"": ""配分"", ""wrong"": ""苦手放置"", ""correct"": ""弱点集中と全体点の両立"", ""trap"": ""総得点のみ""}, {""topic"": ""復習"", ""wrong"": ""体験記だけ読む"", ""correct"": ""自分の誤答ノート優先"", ""trap"": ""記述対策省略""}]",苦手を直前放棄,学習法の誤りも得点損失につながります。比較・誤答表で習慣を直し、要項で前提を確認してください。数値・日程・合格基準は試験実施団体の公式サイト（www.exam.or.jp 等）の試験要項で必ずご確認ください。,誤答型を記録;直前は振り返り;要項で制度数値確認,習慣を直さない;体験記のみ;要項未確認,「何を混同したか」を1行で書く。,過去問;模擬試験;復習,「苦手を直前放棄」の試験での位置づけは？,学習法の誤りも得点損失につながります。比較・誤答表で習慣を直し、要項で前提を確認してください。数値・日程・合格基準は試験実施団体の公式サイト（www.exam.or.jp 等）の試験要項で必ずご確認ください。 試験では誤答型を記録を軸に、関連条文・数値・主体の取り違えを照合してください。,「苦手を直前放棄」でよくある誤答パターンは？,「苦手を直前放棄」では誤答型を記録を軸に、条文・数値・主体の取り違えを比較表で整理してください。 典型誤答は習慣を直さない;体験記のみ;要項未確認。 過去問では条件文の主語入れ替え肢に注意してください。,「苦手を直前放棄」の覚え方・確認手順は？,「苦手を直前放棄」では誤答型を記録を軸に、条文・数値・主体の取り違えを比較表で整理してください。 典型誤答は習慣を直さない;体験記のみ;要項未確認。 過去問では条件文の主語入れ替え肢に注意してください。,「苦手を直前放棄」の公式情報はどこで確認しますか？,「苦手を直前放棄」では誤答型を記録を軸に、条文・数値・主体の取り違えを比較表で整理してください。 典型誤答は習慣を直さない;体験記のみ;要項未確認。 過去問では条件文の主語入れ替え肢に注意してください。
s34-kon-kijutsu-cram,記述を一夜漬け,契約・実務,学習法;;誤答,記述を一夜漬けで起きやすい学習上の誤りを整理します。,直前対策・苦手克服・記述対策の語句が似るため、目的と時期の読み飛ばしが起きやすい。,"[{""topic"": ""目的"", ""wrong"": ""演習を同一視"", ""correct"": ""直前は振り返り中心"", ""trap"": ""名称だけで判断""}, {""topic"": ""情報"", ""wrong"": ""非公式優先"", ""correct"": ""要項で最終確認"", ""trap"": ""古い記事の流用""}, {""topic"": ""配分"", ""wrong"": ""苦手放置"", ""correct"": ""弱点集中と全体点の両立"", ""trap"": ""総得点のみ""}, {""topic"": ""復習"", ""wrong"": ""体験記だけ読む"", ""correct"": ""自分の誤答ノート優先"", ""trap"": ""記述対策省略""}]",記述を一夜漬け,学習法の誤りも得点損失につながります。比較・誤答表で習慣を直し、要項で前提を確認してください。数値・日程・合格基準は試験実施団体の公式サイト（www.exam.or.jp 等）の試験要項で必ずご確認ください。,誤答型を記録;直前は振り返り;要項で制度数値確認,習慣を直さない;体験記のみ;要項未確認,「何を混同したか」を1行で書く。,過去問;模擬試験;復習,「記述を一夜漬け」の試験での位置づけは？,学習法の誤りも得点損失につながります。比較・誤答表で習慣を直し、要項で前提を確認してください。数値・日程・合格基準は試験実施団体の公式サイト（www.exam.or.jp 等）の試験要項で必ずご確認ください。 試験では誤答型を記録を軸に、関連条文・数値・主体の取り違えを照合してください。,「記述を一夜漬け」でよくある誤答パターンは？,「記述を一夜漬け」では誤答型を記録を軸に、条文・数値・主体の取り違えを比較表で整理してください。 典型誤答は習慣を直さない;体験記のみ;要項未確認。 過去問では条件文の主語入れ替え肢に注意してください。,「記述を一夜漬け」の覚え方・確認手順は？,「記述を一夜漬け」では誤答型を記録を軸に、条文・数値・主体の取り違えを比較表で整理してください。 典型誤答は習慣を直さない;体験記のみ;要項未確認。 過去問では条件文の主語入れ替え肢に注意してください。,「記述を一夜漬け」の公式情報はどこで確認しますか？,「記述を一夜漬け」では誤答型を記録を軸に、条文・数値・主体の取り違えを比較表で整理してください。 典型誤答は習慣を直さない;体験記のみ;要項未確認。 過去問では条件文の主語入れ替え肢に注意してください。
s34-kon-taiken-blind,体験記を盲信,設備・その他,学習法;;誤答,体験記を盲信で起きやすい学習上の誤りを整理します。,直前対策・苦手克服・記述対策の語句が似るため、目的と時期の読み飛ばしが起きやすい。,"[{""topic"": ""目的"", ""wrong"": ""演習を同一視"", ""correct"": ""直前は振り返り中心"", ""trap"": ""名称だけで判断""}, {""topic"": ""情報"", ""wrong"": ""非公式優先"", ""correct"": ""要項で最終確認"", ""trap"": ""古い記事の流用""}, {""topic"": ""配分"", ""wrong"": ""苦手放置"", ""correct"": ""弱点集中と全体点の両立"", ""trap"": ""総得点のみ""}, {""topic"": ""復習"", ""wrong"": ""体験記だけ読む"", ""correct"": ""自分の誤答ノート優先"", ""trap"": ""記述対策省略""}]",体験記を盲信,学習法の誤りも得点損失につながります。比較・誤答表で習慣を直し、要項で前提を確認してください。数値・日程・合格基準は試験実施団体の公式サイト（www.exam.or.jp 等）の試験要項で必ずご確認ください。,誤答型を記録;直前は振り返り;要項で制度数値確認,習慣を直さない;体験記のみ;要項未確認,「何を混同したか」を1行で書く。,比較表;用語解説;学習記録,「体験記を盲信」の試験での位置づけは？,学習法の誤りも得点損失につながります。比較・誤答表で習慣を直し、要項で前提を確認してください。数値・日程・合格基準は試験実施団体の公式サイト（www.exam.or.jp 等）の試験要項で必ずご確認ください。 試験では誤答型を記録を軸に、関連条文・数値・主体の取り違えを照合してください。,「体験記を盲信」でよくある誤答パターンは？,「体験記を盲信」では誤答型を記録を軸に、条文・数値・主体の取り違えを比較表で整理してください。 典型誤答は習慣を直さない;体験記のみ;要項未確認。 過去問では条件文の主語入れ替え肢に注意してください。,「体験記を盲信」の覚え方・確認手順は？,「体験記を盲信」では誤答型を記録を軸に、条文・数値・主体の取り違えを比較表で整理してください。 典型誤答は習慣を直さない;体験記のみ;要項未確認。 過去問では条件文の主語入れ替え肢に注意してください。,「体験記を盲信」の公式情報はどこで確認しますか？,「体験記を盲信」では誤答型を記録を軸に、条文・数値・主体の取り違えを比較表で整理してください。 典型誤答は習慣を直さない;体験記のみ;要項未確認。 過去問では条件文の主語入れ替え肢に注意してください。
s34-kon-overstudy,直前の過学習,設備・その他,学習法;;誤答,直前の過学習で起きやすい学習上の誤りを整理します。,直前対策・苦手克服・記述対策の語句が似るため、目的と時期の読み飛ばしが起きやすい。,"[{""topic"": ""目的"", ""wrong"": ""演習を同一視"", ""correct"": ""直前は振り返り中心"", ""trap"": ""名称だけで判断""}, {""topic"": ""情報"", ""wrong"": ""非公式優先"", ""correct"": ""要項で最終確認"", ""trap"": ""古い記事の流用""}, {""topic"": ""配分"", ""wrong"": ""苦手放置"", ""correct"": ""弱点集中と全体点の両立"", ""trap"": ""総得点のみ""}, {""topic"": ""復習"", ""wrong"": ""体験記だけ読む"", ""correct"": ""自分の誤答ノート優先"", ""trap"": ""記述対策省略""}]",直前の過学習,学習法の誤りも得点損失につながります。比較・誤答表で習慣を直し、要項で前提を確認してください。数値・日程・合格基準は試験実施団体の公式サイト（www.exam.or.jp 等）の試験要項で必ずご確認ください。,誤答型を記録;直前は振り返り;要項で制度数値確認,習慣を直さない;体験記のみ;要項未確認,「何を混同したか」を1行で書く。,比較表;用語解説;学習記録,「直前の過学習」の試験での位置づけは？,学習法の誤りも得点損失につながります。比較・誤答表で習慣を直し、要項で前提を確認してください。数値・日程・合格基準は試験実施団体の公式サイト（www.exam.or.jp 等）の試験要項で必ずご確認ください。 試験では誤答型を記録を軸に、関連条文・数値・主体の取り違えを照合してください。,「直前の過学習」でよくある誤答パターンは？,「直前の過学習」では誤答型を記録を軸に、条文・数値・主体の取り違えを比較表で整理してください。 典型誤答は習慣を直さない;体験記のみ;要項未確認。 過去問では条件文の主語入れ替え肢に注意してください。,「直前の過学習」の覚え方・確認手順は？,「直前の過学習」では誤答型を記録を軸に、条文・数値・主体の取り違えを比較表で整理してください。 典型誤答は習慣を直さない;体験記のみ;要項未確認。 過去問では条件文の主語入れ替え肢に注意してください。,「直前の過学習」の公式情報はどこで確認しますか？,「直前の過学習」では誤答型を記録を軸に、条文・数値・主体の取り違えを比較表で整理してください。 典型誤答は習慣を直さない;体験記のみ;要項未確認。 過去問では条件文の主語入れ替え肢に注意してください。
s34-kon-no-mock-review,最終模試を振り返らない,契約・実務,学習法;;誤答,最終模試を振り返らないで起きやすい学習上の誤りを整理します。,直前対策・苦手克服・記述対策の語句が似るため、目的と時期の読み飛ばしが起きやすい。,"[{""topic"": ""目的"", ""wrong"": ""演習を同一視"", ""correct"": ""直前は振り返り中心"", ""trap"": ""名称だけで判断""}, {""topic"": ""情報"", ""wrong"": ""非公式優先"", ""correct"": ""要項で最終確認"", ""trap"": ""古い記事の流用""}, {""topic"": ""配分"", ""wrong"": ""苦手放置"", ""correct"": ""弱点集中と全体点の両立"", ""trap"": ""総得点のみ""}, {""topic"": ""復習"", ""wrong"": ""体験記だけ読む"", ""correct"": ""自分の誤答ノート優先"", ""trap"": ""記述対策省略""}]",最終模試を振り返らない,学習法の誤りも得点損失につながります。比較・誤答表で習慣を直し、要項で前提を確認してください。数値・日程・合格基準は試験実施団体の公式サイト（www.exam.or.jp 等）の試験要項で必ずご確認ください。,誤答型を記録;直前は振り返り;要項で制度数値確認,習慣を直さない;体験記のみ;要項未確認,「何を混同したか」を1行で書く。,過去問;模擬試験;復習,「最終模試を振り返らない」の試験での位置づけは？,学習法の誤りも得点損失につながります。比較・誤答表で習慣を直し、要項で前提を確認してください。数値・日程・合格基準は試験実施団体の公式サイト（www.exam.or.jp 等）の試験要項で必ずご確認ください。 試験では誤答型を記録を軸に、関連条文・数値・主体の取り違えを照合してください。,「最終模試を振り返らない」でよくある誤答パターンは？,「最終模試を振り返らない」では誤答型を記録を軸に、条文・数値・主体の取り違えを比較表で整理してください。 典型誤答は習慣を直さない;体験記のみ;要項未確認。 過去問では条件文の主語入れ替え肢に注意してください。,「最終模試を振り返らない」の覚え方・確認手順は？,「最終模試を振り返らない」では誤答型を記録を軸に、条文・数値・主体の取り違えを比較表で整理してください。 典型誤答は習慣を直さない;体験記のみ;要項未確認。 過去問では条件文の主語入れ替え肢に注意してください。,「最終模試を振り返らない」の公式情報はどこで確認しますか？,「最終模試を振り返らない」では誤答型を記録を軸に、条文・数値・主体の取り違えを比較表で整理してください。 典型誤答は習慣を直さない;体験記のみ;要項未確認。 過去問では条件文の主語入れ替え肢に注意してください。
s34-kon-youkou-old,旧要項のまま受験,法令・制度,学習法;;誤答,旧要項のまま受験で起きやすい学習上の誤りを整理します。,直前対策・苦手克服・記述対策の語句が似るため、目的と時期の読み飛ばしが起きやすい。,"[{""topic"": ""目的"", ""wrong"": ""演習を同一視"", ""correct"": ""直前は振り返り中心"", ""trap"": ""名称だけで判断""}, {""topic"": ""情報"", ""wrong"": ""非公式優先"", ""correct"": ""要項で最終確認"", ""trap"": ""古い記事の流用""}, {""topic"": ""配分"", ""wrong"": ""苦手放置"", ""correct"": ""弱点集中と全体点の両立"", ""trap"": ""総得点のみ""}, {""topic"": ""復習"", ""wrong"": ""体験記だけ読む"", ""correct"": ""自分の誤答ノート優先"", ""trap"": ""記述対策省略""}]",旧要項のまま受験,学習法の誤りも得点損失につながります。比較・誤答表で習慣を直し、要項で前提を確認してください。数値・日程・合格基準は試験実施団体の公式サイト（www.exam.or.jp 等）の試験要項で必ずご確認ください。,誤答型を記録;直前は振り返り;要項で制度数値確認,習慣を直さない;体験記のみ;要項未確認,「何を混同したか」を1行で書く。,公式情報;試験要項;合格基準,「旧要項のまま受験」の試験での位置づけは？,学習法の誤りも得点損失につながります。比較・誤答表で習慣を直し、要項で前提を確認してください。数値・日程・合格基準は試験実施団体の公式サイト（www.exam.or.jp 等）の試験要項で必ずご確認ください。 試験では誤答型を記録を軸に、関連条文・数値・主体の取り違えを照合してください。,「旧要項のまま受験」でよくある誤答パターンは？,「旧要項のまま受験」では誤答型を記録を軸に、条文・数値・主体の取り違えを比較表で整理してください。 典型誤答は習慣を直さない;体験記のみ;要項未確認。 過去問では条件文の主語入れ替え肢に注意してください。,「旧要項のまま受験」の覚え方・確認手順は？,「旧要項のまま受験」では誤答型を記録を軸に、条文・数値・主体の取り違えを比較表で整理してください。 典型誤答は習慣を直さない;体験記のみ;要項未確認。 過去問では条件文の主語入れ替え肢に注意してください。,「旧要項のまま受験」の公式情報はどこで確認しますか？,「旧要項のまま受験」では誤答型を記録を軸に、条文・数値・主体の取り違えを比較表で整理してください。 典型誤答は習慣を直さない;体験記のみ;要項未確認。 過去問では条件文の主語入れ替え肢に注意してください。
s34-kon-kit-forget,持ち物・時間配分未確認,契約・実務,学習法;;誤答,持ち物・時間配分未確認で起きやすい学習上の誤りを整理します。,直前対策・苦手克服・記述対策の語句が似るため、目的と時期の読み飛ばしが起きやすい。,"[{""topic"": ""目的"", ""wrong"": ""演習を同一視"", ""correct"": ""直前は振り返り中心"", ""trap"": ""名称だけで判断""}, {""topic"": ""情報"", ""wrong"": ""非公式優先"", ""correct"": ""要項で最終確認"", ""trap"": ""古い記事の流用""}, {""topic"": ""配分"", ""wrong"": ""苦手放置"", ""correct"": ""弱点集中と全体点の両立"", ""trap"": ""総得点のみ""}, {""topic"": ""復習"", ""wrong"": ""体験記だけ読む"", ""correct"": ""自分の誤答ノート優先"", ""trap"": ""記述対策省略""}]",持ち物・時間配分未確認,学習法の誤りも得点損失につながります。比較・誤答表で習慣を直し、要項で前提を確認してください。数値・日程・合格基準は試験実施団体の公式サイト（www.exam.or.jp 等）の試験要項で必ずご確認ください。,誤答型を記録;直前は振り返り;要項で制度数値確認,習慣を直さない;体験記のみ;要項未確認,「何を混同したか」を1行で書く。,過去問;模擬試験;復習,「持ち物・時間配分未確認」の試験での位置づけは？,学習法の誤りも得点損失につながります。比較・誤答表で習慣を直し、要項で前提を確認してください。数値・日程・合格基準は試験実施団体の公式サイト（www.exam.or.jp 等）の試験要項で必ずご確認ください。 試験では誤答型を記録を軸に、関連条文・数値・主体の取り違えを照合してください。,「持ち物・時間配分未確認」でよくある誤答パターンは？,「持ち物・時間配分未確認」では誤答型を記録を軸に、条文・数値・主体の取り違えを比較表で整理してください。 典型誤答は習慣を直さない;体験記のみ;要項未確認。 過去問では条件文の主語入れ替え肢に注意してください。,「持ち物・時間配分未確認」の覚え方・確認手順は？,「持ち物・時間配分未確認」では誤答型を記録を軸に、条文・数値・主体の取り違えを比較表で整理してください。 典型誤答は習慣を直さない;体験記のみ;要項未確認。 過去問では条件文の主語入れ替え肢に注意してください。,「持ち物・時間配分未確認」の公式情報はどこで確認しますか？,「持ち物・時間配分未確認」では誤答型を記録を軸に、条文・数値・主体の取り違えを比較表で整理してください。 典型誤答は習慣を直さない;体験記のみ;要項未確認。 過去問では条件文の主語入れ替え肢に注意してください。
s34-kon-hub-never,直前ハブ未使用,設備・その他,学習法;;誤答,直前ハブ未使用で起きやすい学習上の誤りを整理します。,直前対策・苦手克服・記述対策の語句が似るため、目的と時期の読み飛ばしが起きやすい。,"[{""topic"": ""目的"", ""wrong"": ""演習を同一視"", ""correct"": ""直前は振り返り中心"", ""trap"": ""名称だけで判断""}, {""topic"": ""情報"", ""wrong"": ""非公式優先"", ""correct"": ""要項で最終確認"", ""trap"": ""古い記事の流用""}, {""topic"": ""配分"", ""wrong"": ""苦手放置"", ""correct"": ""弱点集中と全体点の両立"", ""trap"": ""総得点のみ""}, {""topic"": ""復習"", ""wrong"": ""体験記だけ読む"", ""correct"": ""自分の誤答ノート優先"", ""trap"": ""記述対策省略""}]",直前ハブ未使用,学習法の誤りも得点損失につながります。比較・誤答表で習慣を直し、要項で前提を確認してください。数値・日程・合格基準は試験実施団体の公式サイト（www.exam.or.jp 等）の試験要項で必ずご確認ください。,誤答型を記録;直前は振り返り;要項で制度数値確認,習慣を直さない;体験記のみ;要項未確認,「何を混同したか」を1行で書く。,比較表;用語解説;学習記録,「直前ハブ未使用」の試験での位置づけは？,学習法の誤りも得点損失につながります。比較・誤答表で習慣を直し、要項で前提を確認してください。数値・日程・合格基準は試験実施団体の公式サイト（www.exam.or.jp 等）の試験要項で必ずご確認ください。 試験では誤答型を記録を軸に、関連条文・数値・主体の取り違えを照合してください。,「直前ハブ未使用」でよくある誤答パターンは？,「直前ハブ未使用」では誤答型を記録を軸に、条文・数値・主体の取り違えを比較表で整理してください。 典型誤答は習慣を直さない;体験記のみ;要項未確認。 過去問では条件文の主語入れ替え肢に注意してください。,「直前ハブ未使用」の覚え方・確認手順は？,「直前ハブ未使用」では誤答型を記録を軸に、条文・数値・主体の取り違えを比較表で整理してください。 典型誤答は習慣を直さない;体験記のみ;要項未確認。 過去問では条件文の主語入れ替え肢に注意してください。,「直前ハブ未使用」の公式情報はどこで確認しますか？,「直前ハブ未使用」では誤答型を記録を軸に、条文・数値・主体の取り違えを比較表で整理してください。 典型誤答は習慣を直さない;体験記のみ;要項未確認。 過去問では条件文の主語入れ替え肢に注意してください。
s34-kon-zero-rest,休息ゼロで突入,設備・その他,学習法;;誤答,休息ゼロで突入で起きやすい学習上の誤りを整理します。,直前対策・苦手克服・記述対策の語句が似るため、目的と時期の読み飛ばしが起きやすい。,"[{""topic"": ""目的"", ""wrong"": ""演習を同一視"", ""correct"": ""直前は振り返り中心"", ""trap"": ""名称だけで判断""}, {""topic"": ""情報"", ""wrong"": ""非公式優先"", ""correct"": ""要項で最終確認"", ""trap"": ""古い記事の流用""}, {""topic"": ""配分"", ""wrong"": ""苦手放置"", ""correct"": ""弱点集中と全体点の両立"", ""trap"": ""総得点のみ""}, {""topic"": ""復習"", ""wrong"": ""体験記だけ読む"", ""correct"": ""自分の誤答ノート優先"", ""trap"": ""記述対策省略""}]",休息ゼロで突入,学習法の誤りも得点損失につながります。比較・誤答表で習慣を直し、要項で前提を確認してください。数値・日程・合格基準は試験実施団体の公式サイト（www.exam.or.jp 等）の試験要項で必ずご確認ください。,誤答型を記録;直前は振り返り;要項で制度数値確認,習慣を直さない;体験記のみ;要項未確認,「何を混同したか」を1行で書く。,比較表;用語解説;学習記録,「休息ゼロで突入」の試験での位置づけは？,学習法の誤りも得点損失につながります。比較・誤答表で習慣を直し、要項で前提を確認してください。数値・日程・合格基準は試験実施団体の公式サイト（www.exam.or.jp 等）の試験要項で必ずご確認ください。 試験では誤答型を記録を軸に、関連条文・数値・主体の取り違えを照合してください。,「休息ゼロで突入」でよくある誤答パターンは？,「休息ゼロで突入」では誤答型を記録を軸に、条文・数値・主体の取り違えを比較表で整理してください。 典型誤答は習慣を直さない;体験記のみ;要項未確認。 過去問では条件文の主語入れ替え肢に注意してください。,「休息ゼロで突入」の覚え方・確認手順は？,「休息ゼロで突入」では誤答型を記録を軸に、条文・数値・主体の取り違えを比較表で整理してください。 典型誤答は習慣を直さない;体験記のみ;要項未確認。 過去問では条件文の主語入れ替え肢に注意してください。,「休息ゼロで突入」の公式情報はどこで確認しますか？,「休息ゼロで突入」では誤答型を記録を軸に、条文・数値・主体の取り違えを比較表で整理してください。 典型誤答は習慣を直さない;体験記のみ;要項未確認。 過去問では条件文の主語入れ替え肢に注意してください。
s35-kon-gakushu-kon,学習法の典型誤答（基礎整理）,契約・実務,学習法;;誤答,「学習法」で試験に出やすい誤答パターンを、主体・手順・数値・記録の型別に整理します。,「学習法」と「過去問」の定義・目的を取り違え、同一制度と短絡しやすい。,"[{""topic"": ""機関"", ""wrong"": ""理事会のみ"", ""correct"": ""総会決議"", ""trap"": ""機関誤"", ""nuance"": ""混同"", ""angle"": ""基礎整理""}, {""topic"": ""決議"", ""wrong"": ""過半数"", ""correct"": ""5分の4"", ""trap"": ""決議誤"", ""nuance"": ""混同"", ""angle"": ""基礎整理""}, {""topic"": ""混同"", ""wrong"": ""学習法＝模擬試験"", ""correct"": ""学習法と模擬試験は別"", ""trap"": ""名称類似"", ""nuance"": ""混同"", ""angle"": ""基礎整理""}, {""topic"": ""主体"", ""wrong"": ""管業が決定"", ""correct"": ""管理組合が決定"", ""trap"": ""主体誤"", ""nuance"": ""混同"", ""angle"": ""基礎整理""}, {""topic"": ""混同"", ""wrong"": ""学習法＝過去問"", ""correct"": ""学習法と過去問は別"", ""trap"": ""名称類似"", ""nuance"": ""逆転"", ""angle"": ""基礎整理""}, {""topic"": ""混同"", ""wrong"": ""学習法＝復習"", ""correct"": ""学習法と復習は別"", ""trap"": ""名称類似"", ""nuance"": ""盲信"", ""angle"": ""基礎整理""}]",学習法の混同,学習法は用語の定義と義務主体を先に固定し、比較表で整理してください。,用語の境界を表で整理;類似語の入替肢に注意;学習法の定義と主体を固定,過去問と類似制度を混同;手順を省略したまま正解と判断;記録・報告義務を見落とす,「学習法＝定義→主体→対象」,過去問;模擬試験;復習,「学習法の混同（基礎整理）」で最初に確認すべき点は？,学習法では過去問の義務主体と実施タイミングを先に固定してください。基礎整理の観点では、比較表の1行目に「誰が・いつ・何を」を書くと誤答が減ります。 試験では用語の境界を表で整理をセットで確認してください。,「学習法」の典型誤答パターンは？,「学習法」と「模擬試験」の定義・目的を取り違え、同一制度と短絡しやすい。関連する「過去問」との違いもセットで確認してください。 過去問では過去問に関する逆転肢や、類似制度の数値流用に注意してください。,「学習法」の復習の進め方（基礎整理）は？,学習法は用語の定義と義務主体を先に固定し、比較表で整理してください。 誤答した設問は原因（主体・手順・数値・記録）をタグ付けして再演習してください。 試験では用語の境界を表で整理をセットで確認してください。,「学習法」の関連条文・資料は？,用語集の「過去問」と関連法令・試験要項を照合してください。 直前は誤答ノートと本ページを往復し、同型の引っかけを連続で解いてください。 試験では用語の境界を表で整理をセットで確認してください。 誤答では過去問と類似制度を混同に注意してください。
s35-kon-kakomon-gokai,過去問の典型誤答（基礎整理）,契約・実務,学習法;;誤答,「過去問」で試験に出やすい誤答パターンを、主体・手順・数値・記録の型別に整理します。,「過去問」と「復習」の定義・目的を取り違え、同一制度と短絡しやすい。,"[{""topic"": ""機関"", ""wrong"": ""理事会のみ"", ""correct"": ""総会決議"", ""trap"": ""機関誤"", ""nuance"": ""誤認"", ""angle"": ""基礎整理""}, {""topic"": ""決議"", ""wrong"": ""過半数"", ""correct"": ""5分の4"", ""trap"": ""決議誤"", ""nuance"": ""誤認"", ""angle"": ""基礎整理""}, {""topic"": ""混同"", ""wrong"": ""過去問＝模擬試験"", ""correct"": ""過去問と模擬試験は別"", ""trap"": ""名称類似"", ""nuance"": ""誤認"", ""angle"": ""基礎整理""}, {""topic"": ""主体"", ""wrong"": ""管業が決定"", ""correct"": ""管理組合が決定"", ""trap"": ""主体誤"", ""nuance"": ""誤認"", ""angle"": ""基礎整理""}, {""topic"": ""混同"", ""wrong"": ""過去問＝復習"", ""correct"": ""過去問と復習は別"", ""trap"": ""名称類似"", ""nuance"": ""省略"", ""angle"": ""基礎整理""}]",過去問の誤認,過去問は用語の定義と義務主体を先に固定し、比較表で整理してください。,類似語の入替肢に注意;過去問の定義と主体を固定;用語の境界を表で整理,手順を省略したまま正解と判断;記録・報告義務を見落とす;旧要項・旧数値をそのまま適用,「過去問＝定義→主体→対象」,過去問;模擬試験;復習,「過去問の誤認（基礎整理）」で最初に確認すべき点は？,過去問では過去問の義務主体と実施タイミングを先に固定してください。基礎整理の観点では、比較表の1行目に「誰が・いつ・何を」を書くと誤答が減ります。 試験では類似語の入替肢に注意をセットで確認してください。,「過去問」の典型誤答パターンは？,「過去問」と「模擬試験」の定義・目的を取り違え、同一制度と短絡しやすい。 過去問では過去問に関する逆転肢や、類似制度の数値流用に注意してください。 試験では類似語の入替肢に注意をセットで確認してください。,「過去問」の復習の進め方（基礎整理）は？,過去問は用語の定義と義務主体を先に固定し、比較表で整理してください。 誤答した設問は原因（主体・手順・数値・記録）をタグ付けして再演習してください。 試験では類似語の入替肢に注意をセットで確認してください。,「過去問」の関連条文・資料は？,用語集の「過去問」と関連法令・試験要項を照合してください。 直前は誤答ノートと本ページを往復し、同型の引っかけを連続で解いてください。 試験では類似語の入替肢に注意をセットで確認してください。 誤答では手順を省略したまま正解と判断に注意してください。
s36-kon-moshi-kon,模試の典型誤答（実務連動）,契約・実務,学習法;;誤答,「模試」で試験に出やすい誤答パターンを、主体・手順・数値・記録の型別に整理します。,「模試」と「過去問」の実施主体・手続順序（誰が・いつ・何を）を混同しやすい。,"[{""topic"": ""記録"", ""wrong"": ""記録不要"", ""correct"": ""記録・保存まで追跡"", ""trap"": ""記録誤"", ""nuance"": ""混同"", ""angle"": ""実務連動""}, {""topic"": ""費用"", ""wrong"": ""模試と過去問を同一費目"", ""correct"": ""費目・会計を分離"", ""trap"": ""費用誤"", ""nuance"": ""混同"", ""angle"": ""実務連動""}, {""topic"": ""主体"", ""wrong"": ""管理会社が単独決定"", ""correct"": ""組合の意思決定"", ""trap"": ""主体誤"", ""nuance"": ""混同"", ""angle"": ""実務連動""}, {""topic"": ""手続"", ""wrong"": ""模試の手続を省略"", ""correct"": ""模試→過去問の順で確認"", ""trap"": ""手続誤"", ""nuance"": ""混同"", ""angle"": ""実務連動""}, {""topic"": ""手続"", ""wrong"": ""模試の手続を省略"", ""correct"": ""模試→模擬試験の順で確認"", ""trap"": ""手続誤"", ""nuance"": ""盲信"", ""angle"": ""実務連動""}, {""topic"": ""費用"", ""wrong"": ""模試と模擬試験を同一費目"", ""correct"": ""費目・会計を分離"", ""trap"": ""費用誤"", ""nuance"": ""盲信"", ""angle"": ""実務連動""}, {""topic"": ""費用"", ""wrong"": ""模試と復習を同一費目"", ""correct"": ""費目・会計を分離"", ""trap"": ""費用誤"", ""nuance"": ""未確認"", ""angle"": ""実務連動""}, {""topic"": ""手続"", ""wrong"": ""模試の手続を省略"", ""correct"": ""模試→復習の順で確認"", ""trap"": ""手続誤"", ""nuance"": ""未確認"", ""angle"": ""実務連動""}]",模試の混同,模試は職場フロー（事前確認→実施→記録→報告）に沿って復習すると定着します。,模試の実施フローを順序固定;記録・報告まで一体確認;担当者分担を明確化,手順を省略したまま正解と判断;記録・報告義務を見落とす;旧要項・旧数値をそのまま適用,「模試＝確認→実施→記録」,過去問;模擬試験;復習,「模試の混同（実務連動）」で最初に確認すべき点は？,模試では過去問の義務主体と実施タイミングを先に固定してください。実務連動の観点では、比較表の1行目に「誰が・いつ・何を」を書くと誤答が減ります。 試験では模試の実施フローを順序固定をセットで確認してください。,「模試」の典型誤答パターンは？,「模試」と「過去問」の実施主体・手続順序（誰が・いつ・何を）を混同しやすい。 過去問では過去問に関する逆転肢や、類似制度の数値流用に注意してください。 試験では模試の実施フローを順序固定をセットで確認してください。,「模試」の復習の進め方（実務連動）は？,模試は職場フロー（事前確認→実施→記録→報告）に沿って復習すると定着します。 誤答した設問は原因（主体・手順・数値・記録）をタグ付けして再演習してください。 試験では模試の実施フローを順序固定をセットで確認してください。,「模試」の関連条文・資料は？,用語集の「過去問」と関連法令・試験要項を照合してください。 直前は誤答ノートと本ページを往復し、同型の引っかけを連続で解いてください。 試験では模試の実施フローを順序固定をセットで確認してください。 誤答では手順を省略したまま正解と判断に注意してください。
s36-kon-chokuzen-gokai,直前の典型誤答（実務連動）,契約・実務,学習法;;誤答,「直前」で試験に出やすい誤答パターンを、主体・手順・数値・記録の型別に整理します。,「直前」と「過去問」の実施主体・手続順序（誰が・いつ・何を）を混同しやすい。,"[{""topic"": ""記録"", ""wrong"": ""記録不要"", ""correct"": ""記録・保存まで追跡"", ""trap"": ""記録誤"", ""nuance"": ""誤認"", ""angle"": ""実務連動""}, {""topic"": ""費用"", ""wrong"": ""直前と過去問を同一費目"", ""correct"": ""費目・会計を分離"", ""trap"": ""費用誤"", ""nuance"": ""誤認"", ""angle"": ""実務連動""}, {""topic"": ""主体"", ""wrong"": ""管理会社が単独決定"", ""correct"": ""組合の意思決定"", ""trap"": ""主体誤"", ""nuance"": ""誤認"", ""angle"": ""実務連動""}, {""topic"": ""手続"", ""wrong"": ""直前の手続を省略"", ""correct"": ""直前→過去問の順で確認"", ""trap"": ""手続誤"", ""nuance"": ""誤認"", ""angle"": ""実務連動""}, {""topic"": ""費用"", ""wrong"": ""直前と復習を同一費目"", ""correct"": ""費目・会計を分離"", ""trap"": ""費用誤"", ""nuance"": ""省略"", ""angle"": ""実務連動""}, {""topic"": ""手続"", ""wrong"": ""直前の手続を省略"", ""correct"": ""直前→復習の順で確認"", ""trap"": ""手続誤"", ""nuance"": ""省略"", ""angle"": ""実務連動""}]",直前の誤認,直前は職場フロー（事前確認→実施→記録→報告）に沿って復習すると定着します。,直前の実施フローを順序固定;記録・報告まで一体確認;担当者分担を明確化,過去問と類似制度を混同;手順を省略したまま正解と判断;記録・報告義務を見落とす,「直前＝確認→実施→記録」,過去問;模擬試験;復習,「直前の誤認（実務連動）」で最初に確認すべき点は？,直前では過去問の義務主体と実施タイミングを先に固定してください。実務連動の観点では、比較表の1行目に「誰が・いつ・何を」を書くと誤答が減ります。 試験では直前の実施フローを順序固定をセットで確認してください。,「直前」の典型誤答パターンは？,「直前」と「過去問」の実施主体・手続順序（誰が・いつ・何を）を混同しやすい。 過去問では過去問に関する逆転肢や、類似制度の数値流用に注意してください。 試験では直前の実施フローを順序固定をセットで確認してください。,「直前」の復習の進め方（実務連動）は？,直前は職場フロー（事前確認→実施→記録→報告）に沿って復習すると定着します。 誤答した設問は原因（主体・手順・数値・記録）をタグ付けして再演習してください。 試験では直前の実施フローを順序固定をセットで確認してください。,「直前」の関連条文・資料は？,用語集の「過去問」と関連法令・試験要項を照合してください。 直前は誤答ノートと本ページを往復し、同型の引っかけを連続で解いてください。 試験では直前の実施フローを順序固定をセットで確認してください。 誤答では過去問と類似制度を混同に注意してください。
s37-kon-kamoku-kon,科目配分の典型誤答（試験頻出）,法令・制度,学習法;;誤答,「科目配分」で試験に出やすい誤答パターンを、主体・手順・数値・記録の型別に整理します。,「科目配分」と「公式情報」の過去問で、主語・数値・条件文が入れ替わる肢に注意。,"[{""topic"": ""逆転"", ""wrong"": ""試験要項の主語を科目配分に"", ""correct"": ""主語・条件を下線"", ""trap"": ""主語入替"", ""nuance"": ""混同"", ""angle"": ""試験頻出""}, {""topic"": ""数値"", ""wrong"": ""数値だけ暗記"", ""correct"": ""数値+条件をセット"", ""trap"": ""数値誤"", ""nuance"": ""混同"", ""angle"": ""試験頻出""}, {""topic"": ""決議"", ""wrong"": ""普通決議で足りる"", ""correct"": ""特別決議・5分の4"", ""trap"": ""決議誤"", ""nuance"": ""混同"", ""angle"": ""試験頻出""}, {""topic"": ""混同"", ""wrong"": ""科目配分の条文を試験要項に適用"", ""correct"": ""根拠法ごとに整理"", ""trap"": ""条文混同"", ""nuance"": ""混同"", ""angle"": ""試験頻出""}, {""topic"": ""混同"", ""wrong"": ""科目配分の条文を公式情報に適用"", ""correct"": ""根拠法ごとに整理"", ""trap"": ""条文混同"", ""nuance"": ""逆転"", ""angle"": ""試験頻出""}, {""topic"": ""逆転"", ""wrong"": ""公式情報の主語を科目配分に"", ""correct"": ""主語・条件を下線"", ""trap"": ""主語入替"", ""nuance"": ""逆転"", ""angle"": ""試験頻出""}, {""topic"": ""逆転"", ""wrong"": ""合格基準の主語を科目配分に"", ""correct"": ""主語・条件を下線"", ""trap"": ""主語入替"", ""nuance"": ""盲信"", ""angle"": ""試験頻出""}, {""topic"": ""混同"", ""wrong"": ""科目配分の条文を合格基準に適用"", ""correct"": ""根拠法ごとに整理"", ""trap"": ""条文混同"", ""nuance"": ""盲信"", ""angle"": ""試験頻出""}]",科目配分の混同,科目配分は過去問の逆転肢・数値混同を型別に分類し、条件文を最後まで読んでください。,条件文の主語を下線;数値+条件のセット暗記;科目配分の逆転肢パターンを分類,科目配分の主体を固定せずに暗記;公式情報と類似制度を混同;手順を省略したまま正解と判断,「科目配分＝主語→条件→数値」,公式情報;試験要項;合格基準,「科目配分の混同（試験頻出）」で最初に確認すべき点は？,科目配分では公式情報の義務主体と実施タイミングを先に固定してください。試験頻出の観点では、比較表の1行目に「誰が・いつ・何を」を書くと誤答が減ります。 試験では条件文の主語を下線をセットで確認してください。,「科目配分」の典型誤答パターンは？,「科目配分」と「試験要項」の過去問で、主語・数値・条件文が入れ替わる肢に注意。関連する「公式情報」との違いもセットで確認してください。 過去問では公式情報に関する逆転肢や、類似制度の数値流用に注意してください。,「科目配分」の復習の進め方（試験頻出）は？,科目配分は過去問の逆転肢・数値混同を型別に分類し、条件文を最後まで読んでください。 誤答した設問は原因（主体・手順・数値・記録）をタグ付けして再演習してください。 試験では条件文の主語を下線をセットで確認してください。,「科目配分」の関連条文・資料は？,用語集の「公式情報」と関連法令・試験要項を照合してください。 直前は誤答ノートと本ページを往復し、同型の引っかけを連続で解いてください。 試験では条件文の主語を下線をセットで確認してください。 誤答では科目配分の主体を固定せずに暗記に注意してください。
s37-kon-anki-gokai,暗記の典型誤答（試験頻出）,設備・その他,学習法;;誤答,「暗記」で試験に出やすい誤答パターンを、主体・手順・数値・記録の型別に整理します。,「暗記」と「比較表」の過去問で、主語・数値・条件文が入れ替わる肢に注意。,"[{""topic"": ""数値"", ""wrong"": ""数値だけ暗記"", ""correct"": ""数値+条件をセット"", ""trap"": ""数値誤"", ""nuance"": ""誤認"", ""angle"": ""試験頻出""}, {""topic"": ""決議"", ""wrong"": ""普通決議で足りる"", ""correct"": ""特別決議・5分の4"", ""trap"": ""決議誤"", ""nuance"": ""誤認"", ""angle"": ""試験頻出""}, {""topic"": ""混同"", ""wrong"": ""暗記の条文を学習記録に適用"", ""correct"": ""根拠法ごとに整理"", ""trap"": ""条文混同"", ""nuance"": ""誤認"", ""angle"": ""試験頻出""}, {""topic"": ""逆転"", ""wrong"": ""学習記録の主語を暗記に"", ""correct"": ""主語・条件を下線"", ""trap"": ""主語入替"", ""nuance"": ""誤認"", ""angle"": ""試験頻出""}, {""topic"": ""混同"", ""wrong"": ""暗記の条文を比較表に適用"", ""correct"": ""根拠法ごとに整理"", ""trap"": ""条文混同"", ""nuance"": ""過剰"", ""angle"": ""試験頻出""}, {""topic"": ""逆転"", ""wrong"": ""比較表の主語を暗記に"", ""correct"": ""主語・条件を下線"", ""trap"": ""主語入替"", ""nuance"": ""過剰"", ""angle"": ""試験頻出""}]",暗記の誤認,暗記は過去問の逆転肢・数値混同を型別に分類し、条件文を最後まで読んでください。,数値+条件のセット暗記;暗記の逆転肢パターンを分類;条件文の主語を下線,暗記の主体を固定せずに暗記;比較表と類似制度を混同;手順を省略したまま正解と判断,「暗記＝主語→条件→数値」,比較表;用語解説;学習記録,「暗記の誤認（試験頻出）」で最初に確認すべき点は？,暗記では比較表の義務主体と実施タイミングを先に固定してください。試験頻出の観点では、比較表の1行目に「誰が・いつ・何を」を書くと誤答が減ります。 試験では数値+条件のセット暗記をセットで確認してください。,「暗記」の典型誤答パターンは？,「暗記」と「学習記録」の過去問で、主語・数値・条件文が入れ替わる肢に注意。関連する「比較表」との違いもセットで確認してください。 過去問では比較表に関する逆転肢や、類似制度の数値流用に注意してください。,「暗記」の復習の進め方（試験頻出）は？,暗記は過去問の逆転肢・数値混同を型別に分類し、条件文を最後まで読んでください。 誤答した設問は原因（主体・手順・数値・記録）をタグ付けして再演習してください。 試験では数値+条件のセット暗記をセットで確認してください。,「暗記」の関連条文・資料は？,用語集の「比較表」と関連法令・試験要項を照合してください。 直前は誤答ノートと本ページを往復し、同型の引っかけを連続で解いてください。 試験では数値+条件のセット暗記をセットで確認してください。 誤答では暗記の主体を固定せずに暗記に注意してください。
s38-kon-fukushu-kon,復習の典型誤答（判例・ガイド）,契約・実務,学習法;;誤答,「復習」で試験に出やすい誤答パターンを、主体・手順・数値・記録の型別に整理します。,「復習」と「過去問」について、法令条文と通知・ガイドラインの関係を誤解しやすい。,"[{""topic"": ""根拠"", ""wrong"": ""通知だけで判断"", ""correct"": ""法令→通知の順で確認"", ""trap"": ""根拠誤"", ""nuance"": ""混同"", ""angle"": ""判例・ガイド""}, {""topic"": ""規約"", ""wrong"": ""規約が法令より優先"", ""correct"": ""法令優先・規約は補完"", ""trap"": ""優先誤"", ""nuance"": ""混同"", ""angle"": ""判例・ガイド""}, {""topic"": ""判例"", ""wrong"": ""典型例で一律判断"", ""correct"": ""事案ごとに条文・判例"", ""trap"": ""判例誤"", ""nuance"": ""混同"", ""angle"": ""判例・ガイド""}, {""topic"": ""主体"", ""wrong"": ""復習と過去問の権限同一"", ""correct"": ""権限・責任を表で分離"", ""trap"": ""権限誤"", ""nuance"": ""混同"", ""angle"": ""判例・ガイド""}, {""topic"": ""主体"", ""wrong"": ""復習と模擬試験の権限同一"", ""correct"": ""権限・責任を表で分離"", ""trap"": ""権限誤"", ""nuance"": ""盲信"", ""angle"": ""判例・ガイド""}]",復習の混同,復習は法令条文とガイドライン・通知の対応表を作成し、優先関係を確認してください。,復習のガイドと条文の対応;通知・通達の位置づけ確認;優先順位を表で整理,過去問と類似制度を混同;手順を省略したまま正解と判断;記録・報告義務を見落とす,「復習＝条文→ガイド→事例」,過去問;模擬試験;復習,「復習の混同（判例・ガイド）」で最初に確認すべき点は？,復習では過去問の義務主体と実施タイミングを先に固定してください。判例・ガイドの観点では、比較表の1行目に「誰が・いつ・何を」を書くと誤答が減ります。 試験では復習のガイドと条文の対応をセットで確認してください。,「復習」の典型誤答パターンは？,「復習」と「過去問」について、法令条文と通知・ガイドラインの関係を誤解しやすい。 過去問では過去問に関する逆転肢や、類似制度の数値流用に注意してください。 試験では復習のガイドと条文の対応をセットで確認してください。,「復習」の復習の進め方（判例・ガイド）は？,復習は法令条文とガイドライン・通知の対応表を作成し、優先関係を確認してください。 誤答した設問は原因（主体・手順・数値・記録）をタグ付けして再演習してください。 試験では復習のガイドと条文の対応をセットで確認してください。,「復習」の関連条文・資料は？,用語集の「過去問」と関連法令・試験要項を照合してください。 直前は誤答ノートと本ページを往復し、同型の引っかけを連続で解いてください。 試験では復習のガイドと条文の対応をセットで確認してください。 誤答では過去問と類似制度を混同に注意してください。
s38-kon-hub-gokai,ハブ活用の典型誤答（判例・ガイド）,設備・その他,学習法;;誤答,「ハブ活用」で試験に出やすい誤答パターンを、主体・手順・数値・記録の型別に整理します。,「ハブ活用」と「学習記録」について、法令条文と通知・ガイドラインの関係を誤解しやすい。関連する「比較表」との違いもセットで確認してください。,"[{""topic"": ""規約"", ""wrong"": ""規約が法令より優先"", ""correct"": ""法令優先・規約は補完"", ""trap"": ""優先誤"", ""nuance"": ""誤認"", ""angle"": ""判例・ガイド""}, {""topic"": ""判例"", ""wrong"": ""典型例で一律判断"", ""correct"": ""事案ごとに条文・判例"", ""trap"": ""判例誤"", ""nuance"": ""誤認"", ""angle"": ""判例・ガイド""}, {""topic"": ""主体"", ""wrong"": ""ハブ活用と学習記録の権限同一"", ""correct"": ""権限・責任を表で分離"", ""trap"": ""権限誤"", ""nuance"": ""誤認"", ""angle"": ""判例・ガイド""}, {""topic"": ""根拠"", ""wrong"": ""通知だけで判断"", ""correct"": ""法令→通知の順で確認"", ""trap"": ""根拠誤"", ""nuance"": ""誤認"", ""angle"": ""判例・ガイド""}, {""topic"": ""主体"", ""wrong"": ""ハブ活用と用語解説の権限同一"", ""correct"": ""権限・責任を表で分離"", ""trap"": ""権限誤"", ""nuance"": ""ゼロ"", ""angle"": ""判例・ガイド""}]",ハブ活用の誤認,ハブ活用は法令条文とガイドライン・通知の対応表を作成し、優先関係を確認してください。,優先順位を表で整理;ハブ活用のガイドと条文の対応;通知・通達の位置づけ確認,ハブ活用の主体を固定せずに暗記;比較表と類似制度を混同;手順を省略したまま正解と判断,「ハブ活用＝条文→ガイド→事例」,比較表;用語解説;学習記録,「ハブ活用の誤認（判例・ガイド）」で最初に確認すべき点は？,ハブ活用では比較表の義務主体と実施タイミングを先に固定してください。判例・ガイドの観点では、比較表の1行目に「誰が・いつ・何を」を書くと誤答が減ります。 試験では優先順位を表で整理をセットで確認してください。,「ハブ活用」の典型誤答パターンは？,「ハブ活用」と「学習記録」について、法令条文と通知・ガイドラインの関係を誤解しやすい。関連する「比較表」との違いもセットで確認してください。 過去問では比較表に関する逆転肢や、類似制度の数値流用に注意してください。,「ハブ活用」の復習の進め方（判例・ガイド）は？,ハブ活用は法令条文とガイドライン・通知の対応表を作成し、優先関係を確認してください。 誤答した設問は原因（主体・手順・数値・記録）をタグ付けして再演習してください。 試験では優先順位を表で整理をセットで確認してください。,「ハブ活用」の関連条文・資料は？,用語集の「比較表」と関連法令・試験要項を照合してください。 直前は誤答ノートと本ページを往復し、同型の引っかけを連続で解いてください。 試験では優先順位を表で整理をセットで確認してください。 誤答ではハブ活用の主体を固定せずに暗記に注意してください。
s39-kon-keikaku-kon,計画の典型誤答（横断総合）,法令・制度,学習法;;誤答,「計画」で試験に出やすい誤答パターンを、主体・手順・数値・記録の型別に整理します。,「計画」と「公式情報」の境界が曖昧になり、総合問題で誤答しやすい。,"[{""topic"": ""費用"", ""wrong"": ""修繕費と管理費を混同"", ""correct"": ""会計区分を固定"", ""trap"": ""会計誤"", ""nuance"": ""混同"", ""angle"": ""横断総合""}, {""topic"": ""時点"", ""wrong"": ""手続完了前に効力発生"", ""correct"": ""決議→実行の順序固定"", ""trap"": ""時点誤"", ""nuance"": ""混同"", ""angle"": ""横断総合""}, {""topic"": ""選任"", ""wrong"": ""管理会社社員で代替"", ""correct"": ""法定選任要件を確認"", ""trap"": ""選任誤"", ""nuance"": ""混同"", ""angle"": ""横断総合""}, {""topic"": ""横断"", ""wrong"": ""計画と合格基準を同列処理"", ""correct"": ""制度ごとに軸を分ける"", ""trap"": ""横断誤"", ""nuance"": ""混同"", ""angle"": ""横断総合""}, {""topic"": ""横断"", ""wrong"": ""計画と公式情報を同列処理"", ""correct"": ""制度ごとに軸を分ける"", ""trap"": ""横断誤"", ""nuance"": ""逆転"", ""angle"": ""横断総合""}, {""topic"": ""横断"", ""wrong"": ""計画と試験要項を同列処理"", ""correct"": ""制度ごとに軸を分ける"", ""trap"": ""横断誤"", ""nuance"": ""放置"", ""angle"": ""横断総合""}]",計画の混同,計画は関連制度との違いを横断マップにまとめ、直前総仕上げに使ってください。,直前は誤答型の反復;計画と関連制度の違い;横断マップで弱点可視化,計画の主体を固定せずに暗記;公式情報と類似制度を混同;手順を省略したまま正解と判断,「計画＝関連制度と境界線」,公式情報;試験要項;合格基準,「計画の混同（横断総合）」で最初に確認すべき点は？,計画では公式情報の義務主体と実施タイミングを先に固定してください。横断総合の観点では、比較表の1行目に「誰が・いつ・何を」を書くと誤答が減ります。 試験では直前は誤答型の反復をセットで確認してください。,「計画」の典型誤答パターンは？,「計画」と「合格基準」の境界が曖昧になり、総合問題で誤答しやすい。関連する「公式情報」との違いもセットで確認してください。 過去問では公式情報に関する逆転肢や、類似制度の数値流用に注意してください。 試験では直前は誤答型の反復をセットで確認してください。,「計画」の復習の進め方（横断総合）は？,計画は関連制度との違いを横断マップにまとめ、直前総仕上げに使ってください。 誤答した設問は原因（主体・手順・数値・記録）をタグ付けして再演習してください。 試験では直前は誤答型の反復をセットで確認してください。,「計画」の関連条文・資料は？,用語集の「公式情報」と関連法令・試験要項を照合してください。 直前は誤答ノートと本ページを往復し、同型の引っかけを連続で解いてください。 試験では直前は誤答型の反復をセットで確認してください。 誤答では計画の主体を固定せずに暗記に注意してください。
s39-kon-goukaku-gokai,合格の典型誤答（横断総合）,法令・制度,学習法;;誤答,「合格」で試験に出やすい誤答パターンを、主体・手順・数値・記録の型別に整理します。,「合格」と「公式情報」の境界が曖昧になり、総合問題で誤答しやすい。,"[{""topic"": ""時点"", ""wrong"": ""手続完了前に効力発生"", ""correct"": ""決議→実行の順序固定"", ""trap"": ""時点誤"", ""nuance"": ""誤認"", ""angle"": ""横断総合""}, {""topic"": ""選任"", ""wrong"": ""管理会社社員で代替"", ""correct"": ""法定選任要件を確認"", ""trap"": ""選任誤"", ""nuance"": ""誤認"", ""angle"": ""横断総合""}, {""topic"": ""横断"", ""wrong"": ""合格と公式情報を同列処理"", ""correct"": ""制度ごとに軸を分ける"", ""trap"": ""横断誤"", ""nuance"": ""誤認"", ""angle"": ""横断総合""}, {""topic"": ""費用"", ""wrong"": ""修繕費と管理費を混同"", ""correct"": ""会計区分を固定"", ""trap"": ""会計誤"", ""nuance"": ""誤認"", ""angle"": ""横断総合""}, {""topic"": ""横断"", ""wrong"": ""合格と合格基準を同列処理"", ""correct"": ""制度ごとに軸を分ける"", ""trap"": ""横断誤"", ""nuance"": ""ゼロ"", ""angle"": ""横断総合""}, {""topic"": ""横断"", ""wrong"": ""合格と試験要項を同列処理"", ""correct"": ""制度ごとに軸を分ける"", ""trap"": ""横断誤"", ""nuance"": ""省略"", ""angle"": ""横断総合""}]",合格の誤認,合格は関連制度との違いを横断マップにまとめ、直前総仕上げに使ってください。,合格と関連制度の違い;横断マップで弱点可視化;直前は誤答型の反復,旧要項・旧数値をそのまま適用;合格の主体を固定せずに暗記;公式情報と類似制度を混同,「合格＝関連制度と境界線」,公式情報;試験要項;合格基準,「合格の誤認（横断総合）」で最初に確認すべき点は？,合格では公式情報の義務主体と実施タイミングを先に固定してください。横断総合の観点では、比較表の1行目に「誰が・いつ・何を」を書くと誤答が減ります。 試験では合格と関連制度の違いをセットで確認してください。,「合格」の典型誤答パターンは？,「合格」と「公式情報」の境界が曖昧になり、総合問題で誤答しやすい。 過去問では公式情報に関する逆転肢や、類似制度の数値流用に注意してください。 試験では合格と関連制度の違いをセットで確認してください。,「合格」の復習の進め方（横断総合）は？,合格は関連制度との違いを横断マップにまとめ、直前総仕上げに使ってください。 誤答した設問は原因（主体・手順・数値・記録）をタグ付けして再演習してください。 試験では合格と関連制度の違いをセットで確認してください。,「合格」の関連条文・資料は？,用語集の「公式情報」と関連法令・試験要項を照合してください。 直前は誤答ノートと本ページを往復し、同型の引っかけを連続で解いてください。 試験では合格と関連制度の違いをセットで確認してください。 誤答では旧要項・旧数値をそのまま適用に注意してください。
s40-kon-jakuten-kon,弱点克服の典型誤答（基礎整理）,契約・実務,学習法;;誤答,「弱点克服」で試験に出やすい誤答パターンを、主体・手順・数値・記録の型別に整理します。,「弱点克服」と「過去問」の定義・目的を取り違え、同一制度と短絡しやすい。,"[{""topic"": ""機関"", ""wrong"": ""理事会のみ"", ""correct"": ""総会決議"", ""trap"": ""機関誤"", ""nuance"": ""混同"", ""angle"": ""基礎整理""}, {""topic"": ""決議"", ""wrong"": ""過半数"", ""correct"": ""5分の4"", ""trap"": ""決議誤"", ""nuance"": ""混同"", ""angle"": ""基礎整理""}, {""topic"": ""混同"", ""wrong"": ""弱点克服＝復習"", ""correct"": ""弱点克服と復習は別"", ""trap"": ""名称類似"", ""nuance"": ""混同"", ""angle"": ""基礎整理""}, {""topic"": ""主体"", ""wrong"": ""管業が決定"", ""correct"": ""管理組合が決定"", ""trap"": ""主体誤"", ""nuance"": ""混同"", ""angle"": ""基礎整理""}, {""topic"": ""混同"", ""wrong"": ""弱点克服＝過去問"", ""correct"": ""弱点克服と過去問は別"", ""trap"": ""名称類似"", ""nuance"": ""逆転"", ""angle"": ""基礎整理""}, {""topic"": ""混同"", ""wrong"": ""弱点克服＝模擬試験"", ""correct"": ""弱点克服と模擬試験は別"", ""trap"": ""名称類似"", ""nuance"": ""盲信"", ""angle"": ""基礎整理""}]",弱点克服の混同,弱点克服は用語の定義と義務主体を先に固定し、比較表で整理してください。,類似語の入替肢に注意;弱点克服の定義と主体を固定;用語の境界を表で整理,過去問と類似制度を混同;手順を省略したまま正解と判断;記録・報告義務を見落とす,「弱点克服＝定義→主体→対象」,過去問;模擬試験;復習,「弱点克服の混同（基礎整理）」で最初に確認すべき点は？,弱点克服では過去問の義務主体と実施タイミングを先に固定してください。基礎整理の観点では、比較表の1行目に「誰が・いつ・何を」を書くと誤答が減ります。 試験では類似語の入替肢に注意をセットで確認してください。,「弱点克服」の典型誤答パターンは？,「弱点克服」と「復習」の定義・目的を取り違え、同一制度と短絡しやすい。関連する「過去問」との違いもセットで確認してください。 過去問では過去問に関する逆転肢や、類似制度の数値流用に注意してください。 試験では類似語の入替肢に注意をセットで確認してください。,「弱点克服」の復習の進め方（基礎整理）は？,弱点克服は用語の定義と義務主体を先に固定し、比較表で整理してください。 誤答した設問は原因（主体・手順・数値・記録）をタグ付けして再演習してください。 試験では類似語の入替肢に注意をセットで確認してください。,「弱点克服」の関連条文・資料は？,用語集の「過去問」と関連法令・試験要項を照合してください。 直前は誤答ノートと本ページを往復し、同型の引っかけを連続で解いてください。 試験では類似語の入替肢に注意をセットで確認してください。 誤答では過去問と類似制度を混同に注意してください。
s40-kon-jikan-kanri-gokai,時間管理の典型誤答（基礎整理）,契約・実務,学習法;;誤答,「時間管理」で試験に出やすい誤答パターンを、主体・手順・数値・記録の型別に整理します。,「時間管理」と「過去問」の定義・目的を取り違え、同一制度と短絡しやすい。,"[{""topic"": ""主体"", ""wrong"": ""管業が決定"", ""correct"": ""管理組合が決定"", ""trap"": ""主体誤"", ""nuance"": ""誤認"", ""angle"": ""基礎整理""}, {""topic"": ""機関"", ""wrong"": ""理事会のみ"", ""correct"": ""総会決議"", ""trap"": ""機関誤"", ""nuance"": ""誤認"", ""angle"": ""基礎整理""}, {""topic"": ""決議"", ""wrong"": ""過半数"", ""correct"": ""5分の4"", ""trap"": ""決議誤"", ""nuance"": ""誤認"", ""angle"": ""基礎整理""}, {""topic"": ""混同"", ""wrong"": ""時間管理＝復習"", ""correct"": ""時間管理と復習は別"", ""trap"": ""名称類似"", ""nuance"": ""誤認"", ""angle"": ""基礎整理""}, {""topic"": ""混同"", ""wrong"": ""時間管理＝模擬試験"", ""correct"": ""時間管理と模擬試験は別"", ""trap"": ""名称類似"", ""nuance"": ""ゼロ"", ""angle"": ""基礎整理""}, {""topic"": ""混同"", ""wrong"": ""時間管理＝過去問"", ""correct"": ""時間管理と過去問は別"", ""trap"": ""名称類似"", ""nuance"": ""省略"", ""angle"": ""基礎整理""}]",時間管理の誤認,時間管理は用語の定義と義務主体を先に固定し、比較表で整理してください。,類似語の入替肢に注意;時間管理の定義と主体を固定;用語の境界を表で整理,過去問と類似制度を混同;手順を省略したまま正解と判断;記録・報告義務を見落とす,「時間管理＝定義→主体→対象」,過去問;模擬試験;復習,「時間管理の誤認（基礎整理）」で最初に確認すべき点は？,時間管理では過去問の義務主体と実施タイミングを先に固定してください。基礎整理の観点では、比較表の1行目に「誰が・いつ・何を」を書くと誤答が減ります。 試験では類似語の入替肢に注意をセットで確認してください。,「時間管理」の典型誤答パターンは？,「時間管理」と「復習」の定義・目的を取り違え、同一制度と短絡しやすい。関連する「過去問」との違いもセットで確認してください。 過去問では過去問に関する逆転肢や、類似制度の数値流用に注意してください。 試験では類似語の入替肢に注意をセットで確認してください。,「時間管理」の復習の進め方（基礎整理）は？,時間管理は用語の定義と義務主体を先に固定し、比較表で整理してください。 誤答した設問は原因（主体・手順・数値・記録）をタグ付けして再演習してください。 試験では類似語の入替肢に注意をセットで確認してください。,「時間管理」の関連条文・資料は？,用語集の「過去問」と関連法令・試験要項を照合してください。 直前は誤答ノートと本ページを往復し、同型の引っかけを連続で解いてください。 試験では類似語の入替肢に注意をセットで確認してください。 誤答では過去問と類似制度を混同に注意してください。
s41-kon-kijutsu-kon,記述対策の典型誤答（実務連動）,契約・実務,学習法;;誤答,「記述対策」で試験に出やすい誤答パターンを、主体・手順・数値・記録の型別に整理します。,「記述対策」と「過去問」の実施主体・手続順序（誰が・いつ・何を）を混同しやすい。,"[{""topic"": ""主体"", ""wrong"": ""管理会社が単独決定"", ""correct"": ""組合の意思決定"", ""trap"": ""主体誤"", ""nuance"": ""混同"", ""angle"": ""実務連動""}, {""topic"": ""手続"", ""wrong"": ""記述対策の手続を省略"", ""correct"": ""記述対策→模擬試験の順で確認"", ""trap"": ""手続誤"", ""nuance"": ""混同"", ""angle"": ""実務連動""}, {""topic"": ""記録"", ""wrong"": ""記録不要"", ""correct"": ""記録・保存まで追跡"", ""trap"": ""記録誤"", ""nuance"": ""混同"", ""angle"": ""実務連動""}, {""topic"": ""費用"", ""wrong"": ""記述対策と模擬試験を同一費目"", ""correct"": ""費目・会計を分離"", ""trap"": ""費用誤"", ""nuance"": ""混同"", ""angle"": ""実務連動""}, {""topic"": ""費用"", ""wrong"": ""記述対策と過去問を同一費目"", ""correct"": ""費目・会計を分離"", ""trap"": ""費用誤"", ""nuance"": ""逆転"", ""angle"": ""実務連動""}, {""topic"": ""手続"", ""wrong"": ""記述対策の手続を省略"", ""correct"": ""記述対策→過去問の順で確認"", ""trap"": ""手続誤"", ""nuance"": ""逆転"", ""angle"": ""実務連動""}, {""topic"": ""費用"", ""wrong"": ""記述対策と復習を同一費目"", ""correct"": ""費目・会計を分離"", ""trap"": ""費用誤"", ""nuance"": ""未確認"", ""angle"": ""実務連動""}, {""topic"": ""手続"", ""wrong"": ""記述対策の手続を省略"", ""correct"": ""記述対策→復習の順で確認"", ""trap"": ""手続誤"", ""nuance"": ""未確認"", ""angle"": ""実務連動""}]",記述対策の混同,記述対策は職場フロー（事前確認→実施→記録→報告）に沿って復習すると定着します。,記録・報告まで一体確認;担当者分担を明確化;記述対策の実施フローを順序固定,記述対策の主体を固定せずに暗記;過去問と類似制度を混同;手順を省略したまま正解と判断,「記述対策＝確認→実施→記録」,過去問;模擬試験;復習,「記述対策の混同（実務連動）」で最初に確認すべき点は？,記述対策では過去問の義務主体と実施タイミングを先に固定してください。実務連動の観点では、比較表の1行目に「誰が・いつ・何を」を書くと誤答が減ります。 試験では記録・報告まで一体確認をセットで確認してください。,「記述対策」の典型誤答パターンは？,「記述対策」と「模擬試験」の実施主体・手続順序（誰が・いつ・何を）を混同しやすい。関連する「過去問」との違いもセットで確認してください。 過去問では過去問に関する逆転肢や、類似制度の数値流用に注意してください。,「記述対策」の復習の進め方（実務連動）は？,記述対策は職場フロー（事前確認→実施→記録→報告）に沿って復習すると定着します。 誤答した設問は原因（主体・手順・数値・記録）をタグ付けして再演習してください。 試験では記録・報告まで一体確認をセットで確認してください。,「記述対策」の関連条文・資料は？,用語集の「過去問」と関連法令・試験要項を照合してください。 直前は誤答ノートと本ページを往復し、同型の引っかけを連続で解いてください。 試験では記録・報告まで一体確認をセットで確認してください。 誤答では記述対策の主体を固定せずに暗記に注意してください。
s41-kon-hanpuku-gokai,反復学習の典型誤答（実務連動）,契約・実務,学習法;;誤答,「反復学習」で試験に出やすい誤答パターンを、主体・手順・数値・記録の型別に整理します。,「反復学習」と「過去問」の実施主体・手続順序（誰が・いつ・何を）を混同しやすい。,"[{""topic"": ""費用"", ""wrong"": ""反復学習と復習を同一費目"", ""correct"": ""費目・会計を分離"", ""trap"": ""費用誤"", ""nuance"": ""誤認"", ""angle"": ""実務連動""}, {""topic"": ""主体"", ""wrong"": ""管理会社が単独決定"", ""correct"": ""組合の意思決定"", ""trap"": ""主体誤"", ""nuance"": ""誤認"", ""angle"": ""実務連動""}, {""topic"": ""手続"", ""wrong"": ""反復学習の手続を省略"", ""correct"": ""反復学習→復習の順で確認"", ""trap"": ""手続誤"", ""nuance"": ""誤認"", ""angle"": ""実務連動""}, {""topic"": ""記録"", ""wrong"": ""記録不要"", ""correct"": ""記録・保存まで追跡"", ""trap"": ""記録誤"", ""nuance"": ""誤認"", ""angle"": ""実務連動""}, {""topic"": ""費用"", ""wrong"": ""反復学習と模擬試験を同一費目"", ""correct"": ""費目・会計を分離"", ""trap"": ""費用誤"", ""nuance"": ""省略"", ""angle"": ""実務連動""}, {""topic"": ""手続"", ""wrong"": ""反復学習の手続を省略"", ""correct"": ""反復学習→模擬試験の順で確認"", ""trap"": ""手続誤"", ""nuance"": ""省略"", ""angle"": ""実務連動""}, {""topic"": ""手続"", ""wrong"": ""反復学習の手続を省略"", ""correct"": ""反復学習→過去問の順で確認"", ""trap"": ""手続誤"", ""nuance"": ""未使用"", ""angle"": ""実務連動""}, {""topic"": ""費用"", ""wrong"": ""反復学習と過去問を同一費目"", ""correct"": ""費目・会計を分離"", ""trap"": ""費用誤"", ""nuance"": ""未使用"", ""angle"": ""実務連動""}]",反復学習の誤認,反復学習は職場フロー（事前確認→実施→記録→報告）に沿って復習すると定着します。,担当者分担を明確化;反復学習の実施フローを順序固定;記録・報告まで一体確認,記録・報告義務を見落とす;旧要項・旧数値をそのまま適用;反復学習の主体を固定せずに暗記,「反復学習＝確認→実施→記録」,過去問;模擬試験;復習,「反復学習の誤認（実務連動）」で最初に確認すべき点は？,反復学習では過去問の義務主体と実施タイミングを先に固定してください。実務連動の観点では、比較表の1行目に「誰が・いつ・何を」を書くと誤答が減ります。 試験では担当者分担を明確化をセットで確認してください。,「反復学習」の典型誤答パターンは？,「反復学習」と「復習」の実施主体・手続順序（誰が・いつ・何を）を混同しやすい。関連する「過去問」との違いもセットで確認してください。 過去問では過去問に関する逆転肢や、類似制度の数値流用に注意してください。,「反復学習」の復習の進め方（実務連動）は？,反復学習は職場フロー（事前確認→実施→記録→報告）に沿って復習すると定着します。 誤答した設問は原因（主体・手順・数値・記録）をタグ付けして再演習してください。 試験では担当者分担を明確化をセットで確認してください。,「反復学習」の関連条文・資料は？,用語集の「過去問」と関連法令・試験要項を照合してください。 直前は誤答ノートと本ページを往復し、同型の引っかけを連続で解いてください。 試験では担当者分担を明確化をセットで確認してください。 誤答では記録・報告義務を見落とすに注意してください。
s42-kon-shuuchu-kon,集中力維持の典型誤答（試験頻出）,設備・その他,学習法;;誤答,「集中力維持」で試験に出やすい誤答パターンを、主体・手順・数値・記録の型別に整理します。,「集中力維持」と「比較表」の過去問で、主語・数値・条件文が入れ替わる肢に注意。,"[{""topic"": ""逆転"", ""wrong"": ""学習記録の主語を集中力維持に"", ""correct"": ""主語・条件を下線"", ""trap"": ""主語入替"", ""nuance"": ""混同"", ""angle"": ""試験頻出""}, {""topic"": ""数値"", ""wrong"": ""数値だけ暗記"", ""correct"": ""数値+条件をセット"", ""trap"": ""数値誤"", ""nuance"": ""混同"", ""angle"": ""試験頻出""}, {""topic"": ""決議"", ""wrong"": ""普通決議で足りる"", ""correct"": ""特別決議・5分の4"", ""trap"": ""決議誤"", ""nuance"": ""混同"", ""angle"": ""試験頻出""}, {""topic"": ""混同"", ""wrong"": ""集中力維持の条文を学習記録に適用"", ""correct"": ""根拠法ごとに整理"", ""trap"": ""条文混同"", ""nuance"": ""混同"", ""angle"": ""試験頻出""}, {""topic"": ""混同"", ""wrong"": ""集中力維持の条文を比較表に適用"", ""correct"": ""根拠法ごとに整理"", ""trap"": ""条文混同"", ""nuance"": ""盲信"", ""angle"": ""試験頻出""}, {""topic"": ""逆転"", ""wrong"": ""比較表の主語を集中力維持に"", ""correct"": ""主語・条件を下線"", ""trap"": ""主語入替"", ""nuance"": ""盲信"", ""angle"": ""試験頻出""}]",集中力維持の混同,集中力維持は過去問の逆転肢・数値混同を型別に分類し、条件文を最後まで読んでください。,数値+条件のセット暗記;集中力維持の逆転肢パターンを分類;条件文の主語を下線,記録・報告義務を見落とす;旧要項・旧数値をそのまま適用;集中力維持の主体を固定せずに暗記,「集中力維持＝主語→条件→数値」,比較表;用語解説;学習記録,「集中力維持の混同」の試験での位置づけは？,誤答は集中力維持・誤答分析の読み落としが中心です。誤答型を記録し、比較表へ戻って根拠を再確認してください。数値・日程・合格基準は試験実施団体の公式サイト（www.exam.or.jp 等）の試験要項で必ずご確認ください。 試験では誤答型を分類を軸に、関連条文・数値・主体の取り違えを照合してください。,「集中力維持の混同」でよくある誤答パターンは？,原因を残さない;同型を放置;法令未確認 誤答肢では主語を固定で読むの主語や条件が入れ替わることが多いので、比較表で整理してください。 過去問で正誤の型を分類し、試験要項で数値・期限を照合してください。,「集中力維持の混同」の覚え方・確認手順は？,「集中力維持の混同」では誤答型を分類を軸に、条文・数値・主体の取り違えを比較表で整理してください。 典型誤答は原因を残さない;同型を放置;法令未確認。 過去問では条件文の主語入れ替え肢に注意してください。,「集中力維持の混同」の公式情報はどこで確認しますか？,「集中力維持の混同」では誤答型を分類を軸に、条文・数値・主体の取り違えを比較表で整理してください。 典型誤答は原因を残さない;同型を放置;法令未確認。 過去問では条件文の主語入れ替え肢に注意してください。
s42-kon-gosai-bunseki-gokai,誤答分析の典型誤答（試験頻出）,契約・実務,学習法;;誤答,「誤答分析」で試験に出やすい誤答パターンを、主体・手順・数値・記録の型別に整理します。,「誤答分析」と「過去問」の過去問で、主語・数値・条件文が入れ替わる肢に注意。,"[{""topic"": ""逆転"", ""wrong"": ""模擬試験の主語を誤答分析に"", ""correct"": ""主語・条件を下線"", ""trap"": ""主語入替"", ""nuance"": ""誤認"", ""angle"": ""試験頻出""}, {""topic"": ""数値"", ""wrong"": ""数値だけ暗記"", ""correct"": ""数値+条件をセット"", ""trap"": ""数値誤"", ""nuance"": ""誤認"", ""angle"": ""試験頻出""}, {""topic"": ""決議"", ""wrong"": ""普通決議で足りる"", ""correct"": ""特別決議・5分の4"", ""trap"": ""決議誤"", ""nuance"": ""誤認"", ""angle"": ""試験頻出""}, {""topic"": ""混同"", ""wrong"": ""誤答分析の条文を模擬試験に適用"", ""correct"": ""根拠法ごとに整理"", ""trap"": ""条文混同"", ""nuance"": ""誤認"", ""angle"": ""試験頻出""}, {""topic"": ""混同"", ""wrong"": ""誤答分析の条文を過去問に適用"", ""correct"": ""根拠法ごとに整理"", ""trap"": ""条文混同"", ""nuance"": ""省略"", ""angle"": ""試験頻出""}, {""topic"": ""逆転"", ""wrong"": ""過去問の主語を誤答分析に"", ""correct"": ""主語・条件を下線"", ""trap"": ""主語入替"", ""nuance"": ""省略"", ""angle"": ""試験頻出""}]",誤答分析の誤認,誤答分析は過去問の逆転肢・数値混同を型別に分類し、条件文を最後まで読んでください。,条件文の主語を下線;数値+条件のセット暗記;誤答分析の逆転肢パターンを分類,記録・報告義務を見落とす;旧要項・旧数値をそのまま適用;誤答分析の主体を固定せずに暗記,「誤答分析＝主語→条件→数値」,過去問;模擬試験;復習,「誤答分析の誤認（試験頻出）」で最初に確認すべき点は？,誤答分析では過去問の義務主体と実施タイミングを先に固定してください。試験頻出の観点では、比較表の1行目に「誰が・いつ・何を」を書くと誤答が減ります。 試験では条件文の主語を下線をセットで確認してください。,「誤答分析」の典型誤答パターンは？,「誤答分析」と「模擬試験」の過去問で、主語・数値・条件文が入れ替わる肢に注意。 過去問では過去問に関する逆転肢や、類似制度の数値流用に注意してください。 試験では条件文の主語を下線をセットで確認してください。,「誤答分析」の復習の進め方（試験頻出）は？,誤答分析は過去問の逆転肢・数値混同を型別に分類し、条件文を最後まで読んでください。 誤答した設問は原因（主体・手順・数値・記録）をタグ付けして再演習してください。 試験では条件文の主語を下線をセットで確認してください。,「誤答分析」の関連条文・資料は？,用語集の「過去問」と関連法令・試験要項を照合してください。 直前は誤答ノートと本ページを往復し、同型の引っかけを連続で解いてください。 試験では条件文の主語を下線をセットで確認してください。 誤答では記録・報告義務を見落とすに注意してください。
s43-kon-taicho-kon,体調管理の典型誤答（判例・ガイド）,契約・実務,学習法;;誤答,「体調管理」で試験に出やすい誤答パターンを、主体・手順・数値・記録の型別に整理します。,「体調管理」と「過去問」について、法令条文と通知・ガイドラインの関係を誤解しやすい。,"[{""topic"": ""規約"", ""wrong"": ""規約が法令より優先"", ""correct"": ""法令優先・規約は補完"", ""trap"": ""優先誤"", ""nuance"": ""混同"", ""angle"": ""判例・ガイド""}, {""topic"": ""判例"", ""wrong"": ""典型例で一律判断"", ""correct"": ""事案ごとに条文・判例"", ""trap"": ""判例誤"", ""nuance"": ""混同"", ""angle"": ""判例・ガイド""}, {""topic"": ""主体"", ""wrong"": ""体調管理と模擬試験の権限同一"", ""correct"": ""権限・責任を表で分離"", ""trap"": ""権限誤"", ""nuance"": ""混同"", ""angle"": ""判例・ガイド""}, {""topic"": ""根拠"", ""wrong"": ""通知だけで判断"", ""correct"": ""法令→通知の順で確認"", ""trap"": ""根拠誤"", ""nuance"": ""混同"", ""angle"": ""判例・ガイド""}, {""topic"": ""主体"", ""wrong"": ""体調管理と復習の権限同一"", ""correct"": ""権限・責任を表で分離"", ""trap"": ""権限誤"", ""nuance"": ""未確認"", ""angle"": ""判例・ガイド""}, {""topic"": ""主体"", ""wrong"": ""体調管理と過去問の権限同一"", ""correct"": ""権限・責任を表で分離"", ""trap"": ""権限誤"", ""nuance"": ""放置"", ""angle"": ""判例・ガイド""}]",体調管理の混同,体調管理は法令条文とガイドライン・通知の対応表を作成し、優先関係を確認してください。,通知・通達の位置づけ確認;優先順位を表で整理;体調管理のガイドと条文の対応,記録・報告義務を見落とす;旧要項・旧数値をそのまま適用;体調管理の主体を固定せずに暗記,「体調管理＝条文→ガイド→事例」,過去問;模擬試験;復習,「体調管理の混同（判例・ガイド）」で最初に確認すべき点は？,体調管理では過去問の義務主体と実施タイミングを先に固定してください。判例・ガイドの観点では、比較表の1行目に「誰が・いつ・何を」を書くと誤答が減ります。 試験では通知・通達の位置づけ確認をセットで確認してください。,「体調管理」の典型誤答パターンは？,「体調管理」と「模擬試験」について、法令条文と通知・ガイドラインの関係を誤解しやすい。関連する「過去問」との違いもセットで確認してください。 過去問では過去問に関する逆転肢や、類似制度の数値流用に注意してください。,「体調管理」の復習の進め方（判例・ガイド）は？,体調管理は法令条文とガイドライン・通知の対応表を作成し、優先関係を確認してください。 誤答した設問は原因（主体・手順・数値・記録）をタグ付けして再演習してください。 試験では通知・通達の位置づけ確認をセットで確認してください。,「体調管理」の関連条文・資料は？,用語集の「過去問」と関連法令・試験要項を照合してください。 直前は誤答ノートと本ページを往復し、同型の引っかけを連続で解いてください。 試験では通知・通達の位置づけ確認をセットで確認してください。 誤答では記録・報告義務を見落とすに注意してください。
s43-kon-motiv-gokai,モチベーションの典型誤答（判例・ガイド）,設備・その他,学習法;;誤答,「モチベーション」で試験に出やすい誤答パターンを、主体・手順・数値・記録の型別に整理します。,「モチベーション」と「比較表」について、法令条文と通知・ガイドラインの関係を誤解しやすい。,"[{""topic"": ""主体"", ""wrong"": ""モチベーションと用語解説の権限同一"", ""correct"": ""権限・責任を表で分離"", ""trap"": ""権限誤"", ""nuance"": ""誤認"", ""angle"": ""判例・ガイド""}, {""topic"": ""根拠"", ""wrong"": ""通知だけで判断"", ""correct"": ""法令→通知の順で確認"", ""trap"": ""根拠誤"", ""nuance"": ""誤認"", ""angle"": ""判例・ガイド""}, {""topic"": ""規約"", ""wrong"": ""規約が法令より優先"", ""correct"": ""法令優先・規約は補完"", ""trap"": ""優先誤"", ""nuance"": ""誤認"", ""angle"": ""判例・ガイド""}, {""topic"": ""判例"", ""wrong"": ""典型例で一律判断"", ""correct"": ""事案ごとに条文・判例"", ""trap"": ""判例誤"", ""nuance"": ""誤認"", ""angle"": ""判例・ガイド""}, {""topic"": ""主体"", ""wrong"": ""モチベーションと比較表の権限同一"", ""correct"": ""権限・責任を表で分離"", ""trap"": ""権限誤"", ""nuance"": ""ゼロ"", ""angle"": ""判例・ガイド""}, {""topic"": ""主体"", ""wrong"": ""モチベーションと学習記録の権限同一"", ""correct"": ""権限・責任を表で分離"", ""trap"": ""権限誤"", ""nuance"": ""未使用"", ""angle"": ""判例・ガイド""}]",モチベーションの誤認,モチベーションは法令条文とガイドライン・通知の対応表を作成し、優先関係を確認してください。,通知・通達の位置づけ確認;優先順位を表で整理;モチベーションのガイドと条文の対応,比較表と類似制度を混同;手順を省略したまま正解と判断;記録・報告義務を見落とす,「モチベーション＝条文→ガイド→事例」,比較表;用語解説;学習記録,「モチベーションの誤認」の試験での位置づけは？,誤答は体調管理・モチベーションの読み落としが中心です。誤答型を記録し、比較表へ戻って根拠を再確認してください。数値・日程・合格基準は試験実施団体の公式サイト（www.exam.or.jp 等）の試験要項で必ずご確認ください。 試験では誤答型を分類を軸に、関連条文・数値・主体の取り違えを照合してください。,「モチベーションの誤認」でよくある誤答パターンは？,原因を残さない;同型を放置;法令未確認 誤答肢では主語を固定で読むの主語や条件が入れ替わることが多いので、比較表で整理してください。 過去問で正誤の型を分類し、試験要項で数値・期限を照合してください。,「モチベーションの誤認」の覚え方・確認手順は？,「モチベーションの誤認」では誤答型を分類を軸に、条文・数値・主体の取り違えを比較表で整理してください。 典型誤答は原因を残さない;同型を放置;法令未確認。 過去問では条件文の主語入れ替え肢に注意してください。,「モチベーションの誤認」の公式情報はどこで確認しますか？,「モチベーションの誤認」では誤答型を分類を軸に、条文・数値・主体の取り違えを比較表で整理してください。 典型誤答は原因を残さない;同型を放置;法令未確認。 過去問では条件文の主語入れ替え肢に注意してください。
s44-kon-gakushu-kiroku-kon,学習記録の典型誤答（横断総合）,設備・その他,学習法;;誤答,「学習記録」で試験に出やすい誤答パターンを、主体・手順・数値・記録の型別に整理します。,「学習記録」と「比較表」の境界が曖昧になり、総合問題で誤答しやすい。,"[{""topic"": ""横断"", ""wrong"": ""学習記録と比較表を同列処理"", ""correct"": ""制度ごとに軸を分ける"", ""trap"": ""横断誤"", ""nuance"": ""混同"", ""angle"": ""横断総合""}, {""topic"": ""費用"", ""wrong"": ""修繕費と管理費を混同"", ""correct"": ""会計区分を固定"", ""trap"": ""会計誤"", ""nuance"": ""混同"", ""angle"": ""横断総合""}, {""topic"": ""時点"", ""wrong"": ""手続完了前に効力発生"", ""correct"": ""決議→実行の順序固定"", ""trap"": ""時点誤"", ""nuance"": ""混同"", ""angle"": ""横断総合""}, {""topic"": ""選任"", ""wrong"": ""管理会社社員で代替"", ""correct"": ""法定選任要件を確認"", ""trap"": ""選任誤"", ""nuance"": ""混同"", ""angle"": ""横断総合""}, {""topic"": ""横断"", ""wrong"": ""学習記録と用語解説を同列処理"", ""correct"": ""制度ごとに軸を分ける"", ""trap"": ""横断誤"", ""nuance"": ""逆転"", ""angle"": ""横断総合""}]",学習記録の混同,学習記録は関連制度との違いを横断マップにまとめ、直前総仕上げに使ってください。,直前は誤答型の反復;学習記録と関連制度の違い;横断マップで弱点可視化,記録・報告義務を見落とす;旧要項・旧数値をそのまま適用;学習記録の主体を固定せずに暗記,「学習記録＝関連制度と境界線」,比較表;用語解説;学習記録,「学習記録の混同（横断総合）」で最初に確認すべき点は？,学習記録では比較表の義務主体と実施タイミングを先に固定してください。横断総合の観点では、比較表の1行目に「誰が・いつ・何を」を書くと誤答が減ります。 試験では直前は誤答型の反復をセットで確認してください。,「学習記録」の典型誤答パターンは？,「学習記録」と「比較表」の境界が曖昧になり、総合問題で誤答しやすい。 過去問では比較表に関する逆転肢や、類似制度の数値流用に注意してください。 試験では直前は誤答型の反復をセットで確認してください。 誤答では記録・報告義務を見落とすに注意してください。,「学習記録」の復習の進め方（横断総合）は？,学習記録は関連制度との違いを横断マップにまとめ、直前総仕上げに使ってください。 誤答した設問は原因（主体・手順・数値・記録）をタグ付けして再演習してください。 試験では直前は誤答型の反復をセットで確認してください。,「学習記録」の関連条文・資料は？,用語集の「比較表」と関連法令・試験要項を照合してください。 直前は誤答ノートと本ページを往復し、同型の引っかけを連続で解いてください。 試験では直前は誤答型の反復をセットで確認してください。 誤答では記録・報告義務を見落とすに注意してください。
s44-kon-sogo-shiage-gokai,総仕上げの典型誤答（横断総合）,法令・制度,学習法;;誤答,「総仕上げ」で試験に出やすい誤答パターンを、主体・手順・数値・記録の型別に整理します。,「総仕上げ」と「公式情報」の境界が曖昧になり、総合問題で誤答しやすい。,"[{""topic"": ""費用"", ""wrong"": ""修繕費と管理費を混同"", ""correct"": ""会計区分を固定"", ""trap"": ""会計誤"", ""nuance"": ""誤認"", ""angle"": ""横断総合""}, {""topic"": ""時点"", ""wrong"": ""手続完了前に効力発生"", ""correct"": ""決議→実行の順序固定"", ""trap"": ""時点誤"", ""nuance"": ""誤認"", ""angle"": ""横断総合""}, {""topic"": ""選任"", ""wrong"": ""管理会社社員で代替"", ""correct"": ""法定選任要件を確認"", ""trap"": ""選任誤"", ""nuance"": ""誤認"", ""angle"": ""横断総合""}, {""topic"": ""横断"", ""wrong"": ""総仕上げと試験要項を同列処理"", ""correct"": ""制度ごとに軸を分ける"", ""trap"": ""横断誤"", ""nuance"": ""誤認"", ""angle"": ""横断総合""}, {""topic"": ""横断"", ""wrong"": ""総仕上げと公式情報を同列処理"", ""correct"": ""制度ごとに軸を分ける"", ""trap"": ""横断誤"", ""nuance"": ""ゼロ"", ""angle"": ""横断総合""}, {""topic"": ""横断"", ""wrong"": ""総仕上げと合格基準を同列処理"", ""correct"": ""制度ごとに軸を分ける"", ""trap"": ""横断誤"", ""nuance"": ""省略"", ""angle"": ""横断総合""}]",総仕上げの誤認,総仕上げは関連制度との違いを横断マップにまとめ、直前総仕上げに使ってください。,横断マップで弱点可視化;直前は誤答型の反復;総仕上げと関連制度の違い,公式情報と類似制度を混同;手順を省略したまま正解と判断;記録・報告義務を見落とす,「総仕上げ＝関連制度と境界線」,公式情報;試験要項;合格基準,「総仕上げの誤認（横断総合）」で最初に確認すべき点は？,総仕上げでは公式情報の義務主体と実施タイミングを先に固定してください。横断総合の観点では、比較表の1行目に「誰が・いつ・何を」を書くと誤答が減ります。 試験では横断マップで弱点可視化をセットで確認してください。,「総仕上げ」の典型誤答パターンは？,「総仕上げ」と「試験要項」の境界が曖昧になり、総合問題で誤答しやすい。関連する「公式情報」との違いもセットで確認してください。 過去問では公式情報に関する逆転肢や、類似制度の数値流用に注意してください。,「総仕上げ」の復習の進め方（横断総合）は？,総仕上げは関連制度との違いを横断マップにまとめ、直前総仕上げに使ってください。 誤答した設問は原因（主体・手順・数値・記録）をタグ付けして再演習してください。 試験では横断マップで弱点可視化をセットで確認してください。,「総仕上げ」の関連条文・資料は？,用語集の「公式情報」と関連法令・試験要項を照合してください。 直前は誤答ノートと本ページを往復し、同型の引っかけを連続で解いてください。 試験では横断マップで弱点可視化をセットで確認してください。 誤答では公式情報と類似制度を混同に注意してください。
